timestamp,file
2022-09-08T08:13:50,20220908T081350.ttl
2022-09-08T08:21:35,20220908T082135.ttl
2022-09-08T08:33:33,20220908T083333.ttl
2022-09-08T08:55:21,20220908T085521.ttl
2022-09-08T09:24:12,20220908T092412.ttl
2022-09-08T09:45:10,20220908T094510.ttl
2022-09-08T09:56:55,20220908T095655.ttl
2022-09-08T10:29:48,20220908T102948.ttl
2022-09-08T10:50:11,20220908T105011.ttl
2022-09-08T11:08:00,20220908T110800.ttl
2022-09-08T11:30:19,20220908T113019.ttl
2022-09-08T11:44:29,20220908T114429.ttl
2022-09-08T11:56:19,20220908T115619.ttl
2022-09-08T12:49:42,20220908T124942.ttl
2022-09-08T13:28:36,20220908T132836.ttl
2022-09-08T13:51:07,20220908T135107.ttl
2022-09-08T14:12:25,20220908T141225.ttl
2022-09-08T14:31:46,20220908T143146.ttl
2022-09-08T14:44:46,20220908T144446.ttl
2022-09-08T14:56:26,20220908T145626.ttl
2022-09-08T15:28:32,20220908T152832.ttl
2022-09-08T15:51:00,20220908T155100.ttl
2022-09-08T16:15:40,20220908T161540.ttl
2022-09-08T16:58:23,20220908T165823.ttl
2022-09-08T17:35:21,20220908T173521.ttl
2022-09-08T17:54:39,20220908T175439.ttl
2022-09-08T18:25:16,20220908T182516.ttl
2022-09-08T18:52:16,20220908T185216.ttl
2022-09-08T19:13:03,20220908T191303.ttl
2022-09-08T19:30:48,20220908T193048.ttl
2022-09-08T19:44:02,20220908T194402.ttl
2022-09-08T19:55:53,20220908T195553.ttl
2022-09-08T20:27:32,20220908T202732.ttl
2022-09-08T20:48:10,20220908T204810.ttl
2022-09-08T21:00:04,20220908T210004.ttl
2022-09-08T21:26:02,20220908T212602.ttl
2022-09-08T21:45:09,20220908T214509.ttl
2022-09-08T21:56:58,20220908T215658.ttl
2022-09-08T22:26:47,20220908T222647.ttl
2022-09-08T22:46:42,20220908T224642.ttl
2022-09-08T22:58:34,20220908T225834.ttl
2022-09-08T23:29:38,20220908T232938.ttl
2022-09-08T23:52:17,20220908T235217.ttl
2022-09-09T01:27:27,20220909T012727.ttl
2022-09-09T03:54:43,20220909T035443.ttl
2022-09-09T05:14:47,20220909T051447.ttl
2022-09-09T06:05:33,20220909T060533.ttl
2022-09-09T06:50:54,20220909T065054.ttl
2022-09-09T07:17:57,20220909T071757.ttl
2022-09-09T07:41:30,20220909T074130.ttl
2022-09-09T07:54:34,20220909T075434.ttl
2022-09-09T08:29:10,20220909T082910.ttl
2022-09-09T08:55:03,20220909T085503.ttl
2022-09-09T09:23:14,20220909T092314.ttl
2022-09-09T09:44:19,20220909T094419.ttl
2022-09-09T09:56:22,20220909T095622.ttl
2022-09-09T10:29:07,20220909T102907.ttl
2022-09-09T10:50:17,20220909T105017.ttl
2022-09-09T11:08:33,20220909T110833.ttl
2022-09-09T11:30:29,20220909T113029.ttl
2022-09-09T11:44:58,20220909T114458.ttl
2022-09-09T11:56:43,20220909T115643.ttl
2022-09-09T12:55:20,20220909T125520.ttl
2022-09-09T13:51:15,20220909T135115.ttl
2022-09-09T14:18:06,20220909T141806.ttl
2022-09-09T14:41:16,20220909T144116.ttl
2022-09-09T14:55:24,20220909T145524.ttl
2022-09-09T15:24:02,20220909T152402.ttl
2022-09-09T15:46:45,20220909T154645.ttl
2022-09-09T15:59:18,20220909T155918.ttl
2022-09-09T16:40:28,20220909T164028.ttl
2022-09-09T17:12:04,20220909T171204.ttl
2022-09-09T17:41:51,20220909T174151.ttl
2022-09-09T17:56:10,20220909T175610.ttl
2022-09-09T18:31:40,20220909T183140.ttl
2022-09-09T18:55:57,20220909T185557.ttl
2022-09-09T19:20:08,20220909T192008.ttl
2022-09-09T19:34:57,20220909T193457.ttl
2022-09-09T19:46:58,20220909T194658.ttl
2022-09-09T19:58:52,20220909T195852.ttl
2022-09-09T20:29:26,20220909T202926.ttl
2022-09-09T20:48:34,20220909T204834.ttl
2022-09-09T21:00:24,20220909T210024.ttl
2022-09-09T21:26:23,20220909T212623.ttl
2022-09-09T21:45:19,20220909T214519.ttl
2022-09-09T21:57:03,20220909T215703.ttl
2022-09-09T22:27:16,20220909T222716.ttl
2022-09-09T22:46:56,20220909T224656.ttl
2022-09-09T22:58:38,20220909T225838.ttl
2022-09-09T23:30:07,20220909T233007.ttl
2022-09-09T23:53:11,20220909T235311.ttl
2022-09-10T01:48:50,20220910T014850.ttl
2022-09-10T04:05:46,20220910T040546.ttl
2022-09-10T05:21:39,20220910T052139.ttl
2022-09-10T05:58:58,20220910T055858.ttl
2022-09-10T06:36:45,20220910T063645.ttl
2022-09-10T06:59:08,20220910T065908.ttl
2022-09-10T07:26:17,20220910T072617.ttl
2022-09-10T07:42:52,20220910T074252.ttl
2022-09-10T07:54:54,20220910T075454.ttl
2022-09-10T08:27:27,20220910T082727.ttl
2022-09-10T08:52:11,20220910T085211.ttl
2022-09-10T09:13:18,20220910T091318.ttl
2022-09-10T09:35:33,20220910T093533.ttl
2022-09-10T09:50:26,20220910T095026.ttl
2022-09-10T10:10:34,20220910T101034.ttl
2022-09-10T10:37:04,20220910T103704.ttl
2022-09-10T10:52:54,20220910T105254.ttl
2022-09-10T11:13:52,20220910T111352.ttl
2022-09-10T11:31:57,20220910T113157.ttl
2022-09-10T11:44:38,20220910T114438.ttl
2022-09-10T11:56:34,20220910T115634.ttl
2022-09-10T12:46:50,20220910T124650.ttl
2022-09-10T13:22:14,20220910T132214.ttl
2022-09-10T13:49:22,20220910T134922.ttl
2022-09-10T14:06:04,20220910T140604.ttl
2022-09-10T14:29:11,20220910T142911.ttl
2022-09-10T14:44:50,20220910T144450.ttl
2022-09-10T14:56:40,20220910T145640.ttl
2022-09-10T15:26:39,20220910T152639.ttl
2022-09-10T15:47:27,20220910T154727.ttl
2022-09-10T15:59:15,20220910T155915.ttl
2022-09-10T16:37:31,20220910T163731.ttl
2022-09-10T17:03:35,20220910T170335.ttl
2022-09-10T17:32:31,20220910T173231.ttl
2022-09-10T17:49:28,20220910T174928.ttl
2022-09-10T18:08:36,20220910T180836.ttl
2022-09-10T18:40:13,20220910T184013.ttl
2022-09-10T18:57:58,20220910T185758.ttl
2022-09-10T19:21:09,20220910T192109.ttl
2022-09-10T19:35:00,20220910T193500.ttl
2022-09-10T19:46:47,20220910T194647.ttl
2022-09-10T19:58:58,20220910T195858.ttl
2022-09-10T20:28:07,20220910T202807.ttl
2022-09-10T20:46:38,20220910T204638.ttl
2022-09-10T20:58:38,20220910T205838.ttl
2022-09-10T21:24:09,20220910T212409.ttl
2022-09-10T21:41:26,20220910T214126.ttl
2022-09-10T21:53:14,20220910T215314.ttl
2022-09-10T22:16:26,20220910T221626.ttl
2022-09-10T22:37:45,20220910T223745.ttl
2022-09-10T22:51:30,20220910T225130.ttl
2022-09-10T23:12:09,20220910T231209.ttl
2022-09-10T23:35:26,20220910T233526.ttl
2022-09-10T23:53:39,20220910T235339.ttl
2022-09-11T01:57:30,20220911T015730.ttl
2022-09-11T04:10:23,20220911T041023.ttl
2022-09-11T05:14:07,20220911T051407.ttl
2022-09-11T05:51:24,20220911T055124.ttl
2022-09-11T06:16:53,20220911T061653.ttl
2022-09-11T06:46:19,20220911T064619.ttl
2022-09-11T07:01:08,20220911T070108.ttl
2022-09-11T07:27:30,20220911T072730.ttl
2022-09-11T07:43:14,20220911T074314.ttl
2022-09-11T07:55:20,20220911T075520.ttl
2022-09-11T08:26:52,20220911T082652.ttl
2022-09-11T08:49:48,20220911T084948.ttl
2022-09-11T09:08:16,20220911T090816.ttl
2022-09-11T09:32:04,20220911T093204.ttl
2022-09-11T09:48:35,20220911T094835.ttl
2022-09-11T10:00:44,20220911T100044.ttl
2022-09-11T10:30:39,20220911T103039.ttl
2022-09-11T10:48:55,20220911T104855.ttl
2022-09-11T11:03:08,20220911T110308.ttl
2022-09-11T11:25:43,20220911T112543.ttl
2022-09-11T11:41:00,20220911T114100.ttl
2022-09-11T11:52:55,20220911T115255.ttl
2022-09-11T12:29:37,20220911T122937.ttl
2022-09-11T13:13:36,20220911T131336.ttl
2022-09-11T13:45:49,20220911T134549.ttl
2022-09-11T13:58:06,20220911T135806.ttl
2022-09-11T14:24:09,20220911T142409.ttl
2022-09-11T14:40:56,20220911T144056.ttl
2022-09-11T14:52:54,20220911T145254.ttl
2022-09-11T15:16:26,20220911T151626.ttl
2022-09-11T15:40:32,20220911T154032.ttl
2022-09-11T15:55:26,20220911T155526.ttl
2022-09-11T16:31:31,20220911T163131.ttl
2022-09-11T17:01:41,20220911T170141.ttl
2022-09-11T17:31:17,20220911T173117.ttl
2022-09-11T17:48:56,20220911T174856.ttl
2022-09-11T18:07:19,20220911T180719.ttl
2022-09-11T18:38:39,20220911T183839.ttl
2022-09-11T18:56:59,20220911T185659.ttl
2022-09-11T19:20:57,20220911T192057.ttl
2022-09-11T19:34:50,20220911T193450.ttl
2022-09-11T19:46:42,20220911T194642.ttl
2022-09-11T19:58:23,20220911T195823.ttl
2022-09-11T20:28:06,20220911T202806.ttl
2022-09-11T20:48:54,20220911T204854.ttl
2022-09-11T21:03:15,20220911T210315.ttl
2022-09-11T21:27:33,20220911T212733.ttl
2022-09-11T21:44:54,20220911T214454.ttl
2022-09-11T21:56:42,20220911T215642.ttl
2022-09-11T22:26:16,20220911T222616.ttl
2022-09-11T22:45:46,20220911T224546.ttl
2022-09-11T22:57:36,20220911T225736.ttl
2022-09-11T23:27:38,20220911T232738.ttl
2022-09-11T23:50:00,20220911T235000.ttl
2022-09-12T00:46:45,20220912T004645.ttl
2022-09-12T03:40:22,20220912T034022.ttl
2022-09-12T05:17:34,20220912T051734.ttl
2022-09-12T06:38:07,20220912T063807.ttl
2022-09-12T07:25:34,20220912T072534.ttl
2022-09-12T07:56:35,20220912T075635.ttl
2022-09-12T08:34:54,20220912T083454.ttl
2022-09-12T09:00:33,20220912T090033.ttl
2022-09-12T09:32:29,20220912T093229.ttl
2022-09-12T09:52:21,20220912T095221.ttl
2022-09-12T10:17:28,20220912T101728.ttl
2022-09-12T10:42:56,20220912T104256.ttl
2022-09-12T10:56:39,20220912T105639.ttl
2022-09-12T11:23:26,20220912T112326.ttl
2022-09-12T11:40:06,20220912T114006.ttl
2022-09-12T11:52:14,20220912T115214.ttl
2022-09-12T12:31:17,20220912T123117.ttl
2022-09-12T13:29:28,20220912T132928.ttl
2022-09-12T14:05:37,20220912T140537.ttl
2022-09-12T14:36:18,20220912T143618.ttl
2022-09-12T14:54:00,20220912T145400.ttl
2022-09-12T15:22:18,20220912T152218.ttl
2022-09-12T15:48:21,20220912T154821.ttl
2022-09-12T16:08:00,20220912T160800.ttl
2022-09-12T16:53:40,20220912T165340.ttl
2022-09-12T17:28:17,20220912T172817.ttl
2022-09-12T17:50:32,20220912T175032.ttl
2022-09-12T18:12:43,20220912T181243.ttl
2022-09-12T18:45:17,20220912T184517.ttl
2022-09-12T19:02:06,20220912T190206.ttl
2022-09-12T19:26:08,20220912T192608.ttl
2022-09-12T19:41:20,20220912T194120.ttl
2022-09-12T19:53:29,20220912T195329.ttl
2022-09-12T20:19:08,20220912T201908.ttl
2022-09-12T20:40:43,20220912T204043.ttl
2022-09-12T20:54:37,20220912T205437.ttl
2022-09-12T21:19:58,20220912T211958.ttl
2022-09-12T21:39:31,20220912T213931.ttl
2022-09-12T21:52:51,20220912T215251.ttl
2022-09-12T22:16:43,20220912T221643.ttl
2022-09-12T22:39:24,20220912T223924.ttl
2022-09-12T22:53:07,20220912T225307.ttl
2022-09-12T23:18:46,20220912T231846.ttl
2022-09-12T23:41:29,20220912T234129.ttl
2022-09-12T23:58:50,20220912T235850.ttl
2022-09-13T02:51:13,20220913T025113.ttl
2022-09-13T04:44:04,20220913T044404.ttl
2022-09-13T06:04:35,20220913T060435.ttl
2022-09-13T07:04:18,20220913T070418.ttl
2022-09-13T07:46:09,20220913T074609.ttl
2022-09-13T08:00:44,20220913T080044.ttl
2022-09-13T08:36:10,20220913T083610.ttl
2022-09-13T08:57:42,20220913T085742.ttl
2022-09-13T09:29:10,20220913T092910.ttl
2022-09-13T09:49:46,20220913T094946.ttl
2022-09-13T10:09:15,20220913T100915.ttl
2022-09-13T10:38:30,20220913T103830.ttl
2022-09-13T10:55:04,20220913T105504.ttl
2022-09-13T11:19:26,20220913T111926.ttl
2022-09-13T11:37:02,20220913T113702.ttl
2022-09-13T11:49:35,20220913T114935.ttl
2022-09-13T12:17:14,20220913T121714.ttl
2022-09-13T13:13:32,20220913T131332.ttl
2022-09-13T14:02:40,20220913T140240.ttl
2022-09-13T14:34:16,20220913T143416.ttl
2022-09-13T14:52:10,20220913T145210.ttl
2022-09-13T15:15:54,20220913T151554.ttl
2022-09-13T15:42:21,20220913T154221.ttl
2022-09-13T15:58:06,20220913T155806.ttl
2022-09-13T16:39:32,20220913T163932.ttl
2022-09-13T17:12:44,20220913T171244.ttl
2022-09-13T17:44:37,20220913T174437.ttl
2022-09-13T17:57:58,20220913T175758.ttl
2022-09-13T18:34:18,20220913T183418.ttl
2022-09-13T18:56:57,20220913T185657.ttl
2022-09-13T19:21:23,20220913T192123.ttl
2022-09-13T19:36:34,20220913T193634.ttl
2022-09-13T19:48:17,20220913T194817.ttl
2022-09-13T20:00:19,20220913T200019.ttl
2022-09-13T20:29:48,20220913T202948.ttl
2022-09-13T20:48:39,20220913T204839.ttl
2022-09-13T21:00:34,20220913T210034.ttl
2022-09-13T21:26:38,20220913T212638.ttl
2022-09-13T21:45:48,20220913T214548.ttl
2022-09-13T21:57:36,20220913T215736.ttl
2022-09-13T22:28:51,20220913T222851.ttl
2022-09-13T22:48:18,20220913T224818.ttl
2022-09-13T23:00:22,20220913T230022.ttl
2022-09-13T23:30:54,20220913T233054.ttl
2022-09-13T23:53:49,20220913T235349.ttl
2022-09-14T01:57:05,20220914T015705.ttl
2022-09-14T04:19:29,20220914T041929.ttl
2022-09-14T05:48:16,20220914T054816.ttl
2022-09-14T06:39:42,20220914T063942.ttl
2022-09-14T07:21:42,20220914T072142.ttl
2022-09-14T07:49:55,20220914T074955.ttl
2022-09-14T08:11:36,20220914T081136.ttl
2022-09-14T08:45:36,20220914T084536.ttl
2022-09-14T09:07:19,20220914T090719.ttl
2022-09-14T09:35:04,20220914T093504.ttl
2022-09-14T09:52:51,20220914T095251.ttl
2022-09-14T10:18:23,20220914T101823.ttl
2022-09-14T10:42:44,20220914T104244.ttl
2022-09-14T10:57:03,20220914T105703.ttl
2022-09-14T11:23:28,20220914T112328.ttl
2022-09-14T11:40:12,20220914T114012.ttl
2022-09-14T11:52:02,20220914T115202.ttl
2022-09-14T12:29:53,20220914T122953.ttl
2022-09-14T13:31:12,20220914T133112.ttl
2022-09-14T14:08:56,20220914T140856.ttl
2022-09-14T14:39:58,20220914T143958.ttl
2022-09-14T14:56:19,20220914T145619.ttl
2022-09-14T15:28:01,20220914T152801.ttl
2022-09-14T15:51:18,20220914T155118.ttl
2022-09-14T16:16:24,20220914T161624.ttl
2022-09-14T16:59:02,20220914T165902.ttl
2022-09-14T17:34:25,20220914T173425.ttl
2022-09-14T17:53:24,20220914T175324.ttl
2022-09-14T18:22:02,20220914T182202.ttl
2022-09-14T18:49:43,20220914T184943.ttl
2022-09-14T19:08:54,20220914T190854.ttl
2022-09-14T19:29:06,20220914T192906.ttl
2022-09-14T19:43:15,20220914T194315.ttl
2022-09-14T19:54:58,20220914T195458.ttl
2022-09-14T20:25:42,20220914T202542.ttl
2022-09-14T20:47:42,20220914T204742.ttl
2022-09-14T20:59:23,20220914T205923.ttl
2022-09-14T21:24:26,20220914T212426.ttl
2022-09-14T21:42:32,20220914T214232.ttl
2022-09-14T21:54:18,20220914T215418.ttl
2022-09-14T22:21:02,20220914T222102.ttl
2022-09-14T22:42:10,20220914T224210.ttl
2022-09-14T22:55:02,20220914T225502.ttl
2022-09-14T23:23:22,20220914T232322.ttl
2022-09-14T23:44:40,20220914T234440.ttl
2022-09-14T23:58:36,20220914T235836.ttl
2022-09-15T03:03:52,20220915T030352.ttl
2022-09-15T04:56:18,20220915T045618.ttl
2022-09-15T06:06:45,20220915T060645.ttl
2022-09-15T06:55:27,20220915T065527.ttl
2022-09-15T07:33:02,20220915T073302.ttl
2022-09-15T07:52:46,20220915T075246.ttl
2022-09-15T08:22:27,20220915T082227.ttl
2022-09-15T08:52:45,20220915T085245.ttl
2022-09-15T09:17:00,20220915T091700.ttl
2022-09-15T09:40:52,20220915T094052.ttl
2022-09-15T09:55:15,20220915T095515.ttl
2022-09-15T10:26:05,20220915T102605.ttl
2022-09-15T10:48:06,20220915T104806.ttl
2022-09-15T10:59:59,20220915T105959.ttl
2022-09-15T11:25:34,20220915T112534.ttl
2022-09-15T11:42:10,20220915T114210.ttl
2022-09-15T11:53:59,20220915T115359.ttl
2022-09-15T12:44:38,20220915T124438.ttl
2022-09-15T13:37:43,20220915T133743.ttl
2022-09-15T14:14:23,20220915T141423.ttl
2022-09-15T14:42:18,20220915T144218.ttl
2022-09-15T14:56:38,20220915T145638.ttl
2022-09-15T15:29:07,20220915T152907.ttl
2022-09-15T15:51:51,20220915T155151.ttl
2022-09-15T16:19:07,20220915T161907.ttl
2022-09-15T16:57:04,20220915T165704.ttl
2022-09-15T17:31:22,20220915T173122.ttl
2022-09-15T17:51:54,20220915T175154.ttl
2022-09-15T18:17:00,20220915T181700.ttl
2022-09-15T18:45:56,20220915T184556.ttl
2022-09-15T19:00:47,20220915T190047.ttl
2022-09-15T19:24:33,20220915T192433.ttl
2022-09-15T19:39:41,20220915T193941.ttl
2022-09-15T19:51:40,20220915T195140.ttl
2022-09-15T20:14:20,20220915T201420.ttl
2022-09-15T20:40:48,20220915T204048.ttl
2022-09-15T20:56:33,20220915T205633.ttl
2022-09-15T21:25:07,20220915T212507.ttl
2022-09-15T21:44:21,20220915T214421.ttl
2022-09-15T21:56:17,20220915T215617.ttl
2022-09-15T22:26:05,20220915T222605.ttl
2022-09-15T22:46:11,20220915T224611.ttl
2022-09-15T22:57:59,20220915T225759.ttl
2022-09-15T23:31:06,20220915T233106.ttl
2022-09-15T23:54:22,20220915T235422.ttl
2022-09-16T02:21:04,20220916T022104.ttl
2022-09-16T04:33:37,20220916T043337.ttl
2022-09-16T05:53:38,20220916T055338.ttl
2022-09-16T06:47:30,20220916T064730.ttl
2022-09-16T07:18:32,20220916T071832.ttl
2022-09-16T07:43:58,20220916T074358.ttl
2022-09-16T07:56:47,20220916T075647.ttl
2022-09-16T08:32:54,20220916T083254.ttl
2022-09-16T08:55:15,20220916T085515.ttl
2022-09-16T09:25:08,20220916T092508.ttl
2022-09-16T09:46:57,20220916T094657.ttl
2022-09-16T09:58:50,20220916T095850.ttl
2022-09-16T10:31:35,20220916T103135.ttl
2022-09-16T10:53:23,20220916T105323.ttl
2022-09-16T11:15:21,20220916T111521.ttl
2022-09-16T11:34:17,20220916T113417.ttl
2022-09-16T11:46:59,20220916T114659.ttl
2022-09-16T11:59:03,20220916T115903.ttl
2022-09-16T12:53:42,20220916T125342.ttl
2022-09-16T13:48:31,20220916T134831.ttl
2022-09-16T14:17:45,20220916T141745.ttl
2022-09-16T14:45:14,20220916T144514.ttl
2022-09-16T14:58:48,20220916T145848.ttl
2022-09-16T15:30:08,20220916T153008.ttl
2022-09-16T15:50:42,20220916T155042.ttl
2022-09-16T16:14:18,20220916T161418.ttl
2022-09-16T17:00:20,20220916T170020.ttl
2022-09-16T17:41:53,20220916T174153.ttl
2022-09-16T18:00:04,20220916T180004.ttl
2022-09-16T18:36:23,20220916T183623.ttl
2022-09-16T18:59:49,20220916T185949.ttl
2022-09-16T19:25:30,20220916T192530.ttl
2022-09-16T19:41:09,20220916T194109.ttl
2022-09-16T19:53:02,20220916T195302.ttl
2022-09-16T20:18:16,20220916T201816.ttl
2022-09-16T20:40:13,20220916T204013.ttl
2022-09-16T20:54:28,20220916T205428.ttl
2022-09-16T21:18:14,20220916T211814.ttl
2022-09-16T21:37:29,20220916T213729.ttl
2022-09-16T21:51:32,20220916T215132.ttl
2022-09-16T22:13:34,20220916T221334.ttl
2022-09-16T22:40:04,20220916T224004.ttl
2022-09-16T22:54:43,20220916T225443.ttl
2022-09-16T23:22:27,20220916T232227.ttl
2022-09-16T23:44:33,20220916T234433.ttl
2022-09-16T23:59:23,20220916T235923.ttl
2022-09-17T02:43:55,20220917T024355.ttl
2022-09-17T04:11:30,20220917T041130.ttl
2022-09-17T05:15:32,20220917T051532.ttl
2022-09-17T05:50:26,20220917T055026.ttl
2022-09-17T06:12:58,20220917T061258.ttl
2022-09-17T06:44:23,20220917T064423.ttl
2022-09-17T07:00:44,20220917T070044.ttl
2022-09-17T07:27:18,20220917T072718.ttl
2022-09-17T07:43:21,20220917T074321.ttl
2022-09-17T07:55:14,20220917T075514.ttl
2022-09-17T08:28:42,20220917T082842.ttl
2022-09-17T08:52:51,20220917T085251.ttl
2022-09-17T09:15:38,20220917T091538.ttl
2022-09-17T09:37:48,20220917T093748.ttl
2022-09-17T09:51:51,20220917T095151.ttl
2022-09-17T10:14:34,20220917T101434.ttl
2022-09-17T10:40:02,20220917T104002.ttl
2022-09-17T10:54:21,20220917T105421.ttl
2022-09-17T11:16:49,20220917T111649.ttl
2022-09-17T11:34:03,20220917T113403.ttl
2022-09-17T11:46:11,20220917T114611.ttl
2022-09-17T11:58:02,20220917T115802.ttl
2022-09-17T12:48:38,20220917T124838.ttl
2022-09-17T13:23:34,20220917T132334.ttl
2022-09-17T13:50:42,20220917T135042.ttl
2022-09-17T14:09:24,20220917T140924.ttl
2022-09-17T14:30:59,20220917T143059.ttl
2022-09-17T14:46:05,20220917T144605.ttl
2022-09-17T14:58:07,20220917T145807.ttl
2022-09-17T15:28:11,20220917T152811.ttl
2022-09-17T15:49:03,20220917T154903.ttl
2022-09-17T16:07:28,20220917T160728.ttl
2022-09-17T16:47:34,20220917T164734.ttl
2022-09-17T17:12:54,20220917T171254.ttl
2022-09-17T17:40:20,20220917T174020.ttl
2022-09-17T17:53:48,20220917T175348.ttl
2022-09-17T18:23:15,20220917T182315.ttl
2022-09-17T18:48:47,20220917T184847.ttl
2022-09-17T19:02:04,20220917T190204.ttl
2022-09-17T19:23:46,20220917T192346.ttl
2022-09-17T19:37:50,20220917T193750.ttl
2022-09-17T19:49:33,20220917T194933.ttl
2022-09-17T20:08:15,20220917T200815.ttl
2022-09-17T20:33:58,20220917T203358.ttl
2022-09-17T20:50:01,20220917T205001.ttl
2022-09-17T21:08:02,20220917T210802.ttl
2022-09-17T21:30:40,20220917T213040.ttl
2022-09-17T21:46:28,20220917T214628.ttl
2022-09-17T21:58:27,20220917T215827.ttl
2022-09-17T22:26:43,20220917T222643.ttl
2022-09-17T22:45:45,20220917T224545.ttl
2022-09-17T22:57:35,20220917T225735.ttl
2022-09-17T23:27:20,20220917T232720.ttl
2022-09-17T23:49:26,20220917T234926.ttl
2022-09-18T00:44:44,20220918T004444.ttl
2022-09-18T03:37:57,20220918T033757.ttl
2022-09-18T04:56:30,20220918T045630.ttl
2022-09-18T05:47:51,20220918T054751.ttl
2022-09-18T06:09:15,20220918T060915.ttl
2022-09-18T06:43:23,20220918T064323.ttl
2022-09-18T07:00:51,20220918T070051.ttl
2022-09-18T07:27:44,20220918T072744.ttl
2022-09-18T07:43:55,20220918T074355.ttl
2022-09-18T07:55:47,20220918T075547.ttl
2022-09-18T08:28:45,20220918T082845.ttl
2022-09-18T08:51:39,20220918T085139.ttl
2022-09-18T09:12:43,20220918T091243.ttl
2022-09-18T09:35:25,20220918T093525.ttl
2022-09-18T09:50:57,20220918T095057.ttl
2022-09-18T10:12:10,20220918T101210.ttl
2022-09-18T10:38:59,20220918T103859.ttl
2022-09-18T10:53:50,20220918T105350.ttl
2022-09-18T11:15:29,20220918T111529.ttl
2022-09-18T11:33:04,20220918T113304.ttl
2022-09-18T11:45:32,20220918T114532.ttl
2022-09-18T11:57:29,20220918T115729.ttl
2022-09-18T12:49:46,20220918T124946.ttl
2022-09-18T13:27:55,20220918T132755.ttl
2022-09-18T13:54:17,20220918T135417.ttl
2022-09-18T14:17:10,20220918T141710.ttl
2022-09-18T14:35:34,20220918T143534.ttl
2022-09-18T14:49:03,20220918T144903.ttl
2022-09-18T15:04:27,20220918T150427.ttl
2022-09-18T15:33:00,20220918T153300.ttl
2022-09-18T15:52:02,20220918T155202.ttl
2022-09-18T16:19:15,20220918T161915.ttl
2022-09-18T16:54:47,20220918T165447.ttl
2022-09-18T17:24:30,20220918T172430.ttl
2022-09-18T17:45:36,20220918T174536.ttl
2022-09-18T17:57:30,20220918T175730.ttl
2022-09-18T18:32:47,20220918T183247.ttl
2022-09-18T18:54:41,20220918T185441.ttl
2022-09-18T19:17:20,20220918T191720.ttl
2022-09-18T19:31:24,20220918T193124.ttl
2022-09-18T19:43:22,20220918T194322.ttl
2022-09-18T19:55:21,20220918T195521.ttl
2022-09-18T20:23:47,20220918T202347.ttl
2022-09-18T20:43:38,20220918T204338.ttl
2022-09-18T20:55:31,20220918T205531.ttl
2022-09-18T21:20:38,20220918T212038.ttl
2022-09-18T21:38:32,20220918T213832.ttl
2022-09-18T21:51:23,20220918T215123.ttl
2022-09-18T22:12:04,20220918T221204.ttl
2022-09-18T22:36:17,20220918T223617.ttl
2022-09-18T22:51:02,20220918T225102.ttl
2022-09-18T23:11:50,20220918T231150.ttl
2022-09-18T23:36:24,20220918T233624.ttl
2022-09-18T23:55:47,20220918T235547.ttl
2022-09-19T02:40:19,20220919T024019.ttl
2022-09-19T04:44:43,20220919T044443.ttl
2022-09-19T06:03:03,20220919T060303.ttl
2022-09-19T07:07:27,20220919T070727.ttl
2022-09-19T07:50:57,20220919T075057.ttl
2022-09-19T08:22:10,20220919T082210.ttl
2022-09-19T08:54:57,20220919T085457.ttl
2022-09-19T09:21:43,20220919T092143.ttl
2022-09-19T09:46:18,20220919T094618.ttl
2022-09-19T10:00:22,20220919T100022.ttl
2022-09-19T10:35:36,20220919T103536.ttl
2022-09-19T10:55:04,20220919T105504.ttl
2022-09-19T11:19:35,20220919T111935.ttl
2022-09-19T11:36:52,20220919T113652.ttl
2022-09-19T11:49:19,20220919T114919.ttl
2022-09-19T12:16:24,20220919T121624.ttl
2022-09-19T13:14:32,20220919T131432.ttl
2022-09-19T14:04:22,20220919T140422.ttl
2022-09-19T14:36:44,20220919T143644.ttl
2022-09-19T14:54:48,20220919T145448.ttl
2022-09-19T15:24:18,20220919T152418.ttl
2022-09-19T15:48:12,20220919T154812.ttl
2022-09-19T16:00:28,20220919T160028.ttl
2022-09-19T16:45:33,20220919T164533.ttl
2022-09-19T17:20:38,20220919T172038.ttl
2022-09-19T17:54:47,20220919T175447.ttl
2022-09-19T18:30:10,20220919T183010.ttl
2022-09-19T18:57:08,20220919T185708.ttl
2022-09-19T19:24:14,20220919T192414.ttl
2022-09-19T19:40:08,20220919T194008.ttl
2022-09-19T19:52:02,20220919T195202.ttl
2022-09-19T20:15:27,20220919T201527.ttl
2022-09-19T20:40:53,20220919T204053.ttl
2022-09-19T20:55:39,20220919T205539.ttl
2022-09-19T21:23:13,20220919T212313.ttl
2022-09-19T21:42:24,20220919T214224.ttl
2022-09-19T21:54:40,20220919T215440.ttl
2022-09-19T22:21:05,20220919T222105.ttl
2022-09-19T22:41:41,20220919T224141.ttl
2022-09-19T22:54:21,20220919T225421.ttl
2022-09-19T23:25:11,20220919T232511.ttl
2022-09-19T23:49:05,20220919T234905.ttl
2022-09-20T00:39:05,20220920T003905.ttl
2022-09-20T03:26:24,20220920T032624.ttl
2022-09-20T05:09:13,20220920T050913.ttl
2022-09-20T06:18:10,20220920T061810.ttl
2022-09-20T07:02:35,20220920T070235.ttl
2022-09-20T07:35:47,20220920T073547.ttl
2022-09-20T07:53:53,20220920T075353.ttl
2022-09-20T08:27:38,20220920T082738.ttl
2022-09-20T08:59:30,20220920T085930.ttl
2022-09-20T09:31:40,20220920T093140.ttl
2022-09-20T09:52:36,20220920T095236.ttl
2022-09-20T10:17:53,20220920T101753.ttl
2022-09-20T10:43:17,20220920T104317.ttl
2022-09-20T10:57:41,20220920T105741.ttl
2022-09-20T11:24:42,20220920T112442.ttl
2022-09-20T11:42:08,20220920T114208.ttl
2022-09-20T11:54:05,20220920T115405.ttl
2022-09-20T12:39:57,20220920T123957.ttl
2022-09-20T13:35:39,20220920T133539.ttl
2022-09-20T14:17:08,20220920T141708.ttl
2022-09-20T14:47:00,20220920T144700.ttl
2022-09-20T15:00:37,20220920T150037.ttl
2022-09-20T15:32:58,20220920T153258.ttl
2022-09-20T15:54:38,20220920T155438.ttl
2022-09-20T16:30:45,20220920T163045.ttl
2022-09-20T17:05:12,20220920T170512.ttl
2022-09-20T17:38:46,20220920T173846.ttl
2022-09-20T17:55:22,20220920T175522.ttl
2022-09-20T18:30:01,20220920T183001.ttl
2022-09-20T18:55:31,20220920T185531.ttl
2022-09-20T19:20:49,20220920T192049.ttl
2022-09-20T19:36:44,20220920T193644.ttl
2022-09-20T19:48:39,20220920T194839.ttl
2022-09-20T20:04:33,20220920T200433.ttl
2022-09-20T20:33:25,20220920T203325.ttl
2022-09-20T20:51:37,20220920T205137.ttl
2022-09-20T21:11:26,20220920T211126.ttl
2022-09-20T21:35:03,20220920T213503.ttl
2022-09-20T21:51:02,20220920T215102.ttl
2022-09-20T22:12:55,20220920T221255.ttl
2022-09-20T22:42:01,20220920T224201.ttl
2022-09-20T22:56:50,20220920T225650.ttl
2022-09-20T23:30:57,20220920T233057.ttl
2022-09-20T23:54:38,20220920T235438.ttl
2022-09-21T02:26:01,20220921T022601.ttl
2022-09-21T04:32:51,20220921T043251.ttl
2022-09-21T05:54:54,20220921T055454.ttl
2022-09-21T06:56:48,20220921T065648.ttl
2022-09-21T07:47:34,20220921T074734.ttl
2022-09-21T08:11:47,20220921T081147.ttl
2022-09-21T08:48:42,20220921T084842.ttl
2022-09-21T09:10:43,20220921T091043.ttl
2022-09-21T09:39:57,20220921T093957.ttl
2022-09-21T09:55:52,20220921T095552.ttl
2022-09-21T10:28:21,20220921T102821.ttl
2022-09-21T10:49:30,20220921T104930.ttl
2022-09-21T11:07:36,20220921T110736.ttl
2022-09-21T11:30:38,20220921T113038.ttl
2022-09-21T11:45:34,20220921T114534.ttl
2022-09-21T11:57:25,20220921T115725.ttl
2022-09-21T12:59:04,20220921T125904.ttl
2022-09-21T14:00:54,20220921T140054.ttl
2022-09-21T14:35:24,20220921T143524.ttl
2022-09-21T14:54:37,20220921T145437.ttl
2022-09-21T15:22:42,20220921T152242.ttl
2022-09-21T15:46:19,20220921T154619.ttl
2022-09-21T15:59:34,20220921T155934.ttl
2022-09-21T16:47:02,20220921T164702.ttl
2022-09-21T17:22:37,20220921T172237.ttl
2022-09-21T17:52:20,20220921T175220.ttl
2022-09-21T18:19:43,20220921T181943.ttl
2022-09-21T18:50:29,20220921T185029.ttl
2022-09-21T19:13:07,20220921T191307.ttl
2022-09-21T19:33:03,20220921T193303.ttl
2022-09-21T19:46:39,20220921T194639.ttl
2022-09-21T19:58:37,20220921T195837.ttl
2022-09-21T20:30:00,20220921T203000.ttl
2022-09-21T20:49:43,20220921T204943.ttl
2022-09-21T21:07:15,20220921T210715.ttl
2022-09-21T21:31:30,20220921T213130.ttl
2022-09-21T21:48:02,20220921T214802.ttl
2022-09-21T22:00:05,20220921T220005.ttl
2022-09-21T22:31:16,20220921T223116.ttl
2022-09-21T22:51:32,20220921T225132.ttl
2022-09-21T23:13:33,20220921T231333.ttl
2022-09-21T23:40:09,20220921T234009.ttl
2022-09-21T23:59:00,20220921T235900.ttl
2022-09-22T02:43:54,20220922T024354.ttl
2022-09-22T04:28:45,20220922T042845.ttl
2022-09-22T05:52:28,20220922T055228.ttl
2022-09-22T06:48:43,20220922T064843.ttl
2022-09-22T07:22:24,20220922T072224.ttl
2022-09-22T07:53:45,20220922T075345.ttl
2022-09-22T08:26:43,20220922T082643.ttl
2022-09-22T08:55:05,20220922T085505.ttl
2022-09-22T09:26:54,20220922T092654.ttl
2022-09-22T09:49:53,20220922T094953.ttl
2022-09-22T10:09:07,20220922T100907.ttl
2022-09-22T10:38:35,20220922T103835.ttl
2022-09-22T10:55:22,20220922T105522.ttl
2022-09-22T11:20:12,20220922T112012.ttl
2022-09-22T11:37:34,20220922T113734.ttl
2022-09-22T11:50:12,20220922T115012.ttl
2022-09-22T12:20:02,20220922T122002.ttl
2022-09-22T13:13:50,20220922T131350.ttl
2022-09-22T14:02:24,20220922T140224.ttl
2022-09-22T14:35:36,20220922T143536.ttl
2022-09-22T14:53:18,20220922T145318.ttl
2022-09-22T15:19:08,20220922T151908.ttl
2022-09-22T15:44:03,20220922T154403.ttl
2022-09-22T15:59:10,20220922T155910.ttl
2022-09-22T16:42:41,20220922T164241.ttl
2022-09-22T17:19:09,20220922T171909.ttl
2022-09-22T17:48:20,20220922T174820.ttl
2022-09-22T18:00:23,20220922T180023.ttl
2022-09-22T18:36:08,20220922T183608.ttl
2022-09-22T18:58:12,20220922T185812.ttl
2022-09-22T19:24:17,20220922T192417.ttl
2022-09-22T19:39:46,20220922T193946.ttl
2022-09-22T19:51:34,20220922T195134.ttl
2022-09-22T20:14:44,20220922T201444.ttl
2022-09-22T20:40:02,20220922T204002.ttl
2022-09-22T20:55:31,20220922T205531.ttl
2022-09-22T21:21:40,20220922T212140.ttl
2022-09-22T21:41:27,20220922T214127.ttl
2022-09-22T21:54:30,20220922T215430.ttl
2022-09-22T22:22:27,20220922T222227.ttl
2022-09-22T22:44:02,20220922T224402.ttl
2022-09-22T22:56:30,20220922T225630.ttl
2022-09-22T23:29:23,20220922T232923.ttl
2022-09-22T23:52:11,20220922T235211.ttl
2022-09-23T01:26:46,20220923T012646.ttl
2022-09-23T04:08:09,20220923T040809.ttl
2022-09-23T05:40:54,20220923T054054.ttl
2022-09-23T06:31:44,20220923T063144.ttl
2022-09-23T07:18:24,20220923T071824.ttl
2022-09-23T07:51:12,20220923T075112.ttl
2022-09-23T08:16:20,20220923T081620.ttl
2022-09-23T08:49:11,20220923T084911.ttl
2022-09-23T09:11:56,20220923T091156.ttl
2022-09-23T09:40:21,20220923T094021.ttl
2022-09-23T09:56:01,20220923T095601.ttl
2022-09-23T10:29:22,20220923T102922.ttl
2022-09-23T10:50:20,20220923T105020.ttl
2022-09-23T11:09:01,20220923T110901.ttl
2022-09-23T11:31:49,20220923T113149.ttl
2022-09-23T11:46:36,20220923T114636.ttl
2022-09-23T11:58:36,20220923T115836.ttl
2022-09-23T12:54:38,20220923T125438.ttl
2022-09-23T13:52:16,20220923T135216.ttl
2022-09-23T14:26:45,20220923T142645.ttl
2022-09-23T14:55:31,20220923T145531.ttl
2022-09-23T15:27:50,20220923T152750.ttl
2022-09-23T15:52:09,20220923T155209.ttl
2022-09-23T16:20:35,20220923T162035.ttl
2022-09-23T17:03:07,20220923T170307.ttl
2022-09-23T17:41:50,20220923T174150.ttl
2022-09-23T17:59:27,20220923T175927.ttl
2022-09-23T18:37:55,20220923T183755.ttl
2022-09-23T19:01:15,20220923T190115.ttl
2022-09-23T19:27:09,20220923T192709.ttl
2022-09-23T19:43:06,20220923T194306.ttl
2022-09-23T19:55:02,20220923T195502.ttl
2022-09-23T20:24:15,20220923T202415.ttl
2022-09-23T20:45:21,20220923T204521.ttl
2022-09-23T20:57:40,20220923T205740.ttl
2022-09-23T21:25:30,20220923T212530.ttl
2022-09-23T21:44:42,20220923T214442.ttl
2022-09-23T21:56:30,20220923T215630.ttl
2022-09-23T22:30:55,20220923T223055.ttl
2022-09-23T22:52:10,20220923T225210.ttl
2022-09-23T23:15:49,20220923T231549.ttl
2022-09-23T23:41:33,20220923T234133.ttl
2022-09-24T00:00:16,20220924T000016.ttl
2022-09-24T03:02:12,20220924T030212.ttl
2022-09-24T04:48:35,20220924T044835.ttl
2022-09-24T05:37:41,20220924T053741.ttl
2022-09-24T06:04:27,20220924T060427.ttl
2022-09-24T06:43:32,20220924T064332.ttl
2022-09-24T07:02:20,20220924T070220.ttl
2022-09-24T07:29:32,20220924T072932.ttl
2022-09-24T07:45:20,20220924T074520.ttl
2022-09-24T07:57:06,20220924T075706.ttl
2022-09-24T08:33:04,20220924T083304.ttl
2022-09-24T08:55:11,20220924T085511.ttl
2022-09-24T09:23:05,20220924T092305.ttl
2022-09-24T09:42:40,20220924T094240.ttl
2022-09-24T09:54:57,20220924T095457.ttl
2022-09-24T10:23:06,20220924T102306.ttl
2022-09-24T10:44:07,20220924T104407.ttl
2022-09-24T10:56:37,20220924T105637.ttl
2022-09-24T11:22:22,20220924T112222.ttl
2022-09-24T11:39:01,20220924T113901.ttl
2022-09-24T11:50:43,20220924T115043.ttl
2022-09-24T12:21:07,20220924T122107.ttl
2022-09-24T13:07:22,20220924T130722.ttl
2022-09-24T13:45:54,20220924T134554.ttl
2022-09-24T13:59:03,20220924T135903.ttl
2022-09-24T14:25:17,20220924T142517.ttl
2022-09-24T14:42:35,20220924T144235.ttl
2022-09-24T14:54:24,20220924T145424.ttl
2022-09-24T15:20:43,20220924T152043.ttl
2022-09-24T15:42:31,20220924T154231.ttl
2022-09-24T15:56:31,20220924T155631.ttl
2022-09-24T16:35:27,20220924T163527.ttl
2022-09-24T17:02:43,20220924T170243.ttl
2022-09-24T17:32:04,20220924T173204.ttl
2022-09-24T17:49:36,20220924T174936.ttl
2022-09-24T18:10:20,20220924T181020.ttl
2022-09-24T18:42:28,20220924T184228.ttl
2022-09-24T18:59:42,20220924T185942.ttl
2022-09-24T19:23:04,20220924T192304.ttl
2022-09-24T19:37:23,20220924T193723.ttl
2022-09-24T19:49:13,20220924T194913.ttl
2022-09-24T20:07:05,20220924T200705.ttl
2022-09-24T20:33:29,20220924T203329.ttl
2022-09-24T20:50:06,20220924T205006.ttl
2022-09-24T21:08:17,20220924T210817.ttl
2022-09-24T21:31:06,20220924T213106.ttl
2022-09-24T21:47:04,20220924T214704.ttl
2022-09-24T21:59:00,20220924T215900.ttl
2022-09-24T22:27:32,20220924T222732.ttl
2022-09-24T22:46:37,20220924T224637.ttl
2022-09-24T22:58:15,20220924T225815.ttl
2022-09-24T23:28:43,20220924T232843.ttl
2022-09-24T23:51:34,20220924T235134.ttl
2022-09-25T01:14:31,20220925T011431.ttl
2022-09-25T03:45:58,20220925T034558.ttl
2022-09-25T04:54:30,20220925T045430.ttl
2022-09-25T05:38:52,20220925T053852.ttl
2022-09-25T06:01:36,20220925T060136.ttl
2022-09-25T06:38:30,20220925T063830.ttl
2022-09-25T07:00:08,20220925T070008.ttl
2022-09-25T07:27:50,20220925T072750.ttl
2022-09-25T07:43:59,20220925T074359.ttl
2022-09-25T07:56:02,20220925T075602.ttl
2022-09-25T08:30:33,20220925T083033.ttl
2022-09-25T08:53:20,20220925T085320.ttl
2022-09-25T09:17:26,20220925T091726.ttl
2022-09-25T09:39:02,20220925T093902.ttl
2022-09-25T09:53:10,20220925T095310.ttl
2022-09-25T10:19:15,20220925T101915.ttl
2022-09-25T10:42:07,20220925T104207.ttl
2022-09-25T10:55:41,20220925T105541.ttl
2022-09-25T11:20:06,20220925T112006.ttl
2022-09-25T11:37:09,20220925T113709.ttl
2022-09-25T11:49:17,20220925T114917.ttl
2022-09-25T12:12:27,20220925T121227.ttl
2022-09-25T13:01:12,20220925T130112.ttl
2022-09-25T13:42:29,20220925T134229.ttl
2022-09-25T13:58:05,20220925T135805.ttl
2022-09-25T14:24:39,20220925T142439.ttl
2022-09-25T14:41:53,20220925T144153.ttl
2022-09-25T14:54:06,20220925T145406.ttl
2022-09-25T15:42:27,20220925T154227.ttl
2022-09-25T15:57:09,20220925T155709.ttl
2022-09-25T16:36:22,20220925T163622.ttl
2022-09-25T17:03:08,20220925T170308.ttl
2022-09-25T17:32:36,20220925T173236.ttl
2022-09-25T17:50:09,20220925T175009.ttl
2022-09-25T18:11:54,20220925T181154.ttl
2022-09-25T18:43:19,20220925T184319.ttl
2022-09-25T18:59:58,20220925T185958.ttl
2022-09-25T19:23:43,20220925T192343.ttl
2022-09-25T19:37:51,20220925T193751.ttl
2022-09-25T19:49:50,20220925T194950.ttl
2022-09-25T20:08:58,20220925T200858.ttl
2022-09-25T20:34:40,20220925T203440.ttl
2022-09-25T20:51:02,20220925T205102.ttl
2022-09-25T21:10:34,20220925T211034.ttl
2022-09-25T21:32:38,20220925T213238.ttl
2022-09-25T21:48:11,20220925T214811.ttl
2022-09-25T22:00:00,20220925T220000.ttl
2022-09-25T22:28:25,20220925T222825.ttl
2022-09-25T22:47:12,20220925T224712.ttl
2022-09-25T22:59:11,20220925T225911.ttl
2022-09-25T23:29:59,20220925T232959.ttl
2022-09-25T23:53:11,20220925T235311.ttl
2022-09-26T01:50:23,20220926T015023.ttl
2022-09-26T04:17:30,20220926T041730.ttl
2022-09-26T05:52:47,20220926T055247.ttl
2022-09-26T06:48:45,20220926T064845.ttl
2022-09-26T07:24:44,20220926T072444.ttl
2022-09-26T07:54:56,20220926T075456.ttl
2022-09-26T08:31:23,20220926T083123.ttl
2022-09-26T08:58:10,20220926T085810.ttl
2022-09-26T09:31:23,20220926T093123.ttl
2022-09-26T09:51:26,20220926T095126.ttl
2022-09-26T10:14:21,20220926T101421.ttl
2022-09-26T10:42:38,20220926T104238.ttl
2022-09-26T10:57:08,20220926T105708.ttl
2022-09-26T11:24:09,20220926T112409.ttl
2022-09-26T11:42:45,20220926T114245.ttl
2022-09-26T11:53:51,20220926T115351.ttl
2022-09-26T12:40:03,20220926T124003.ttl
2022-09-26T13:39:14,20220926T133914.ttl
2022-09-26T14:21:02,20220926T142102.ttl
2022-09-26T14:50:39,20220926T145039.ttl
2022-09-26T15:13:40,20220926T151340.ttl
2022-09-26T15:43:35,20220926T154335.ttl
2022-09-26T16:00:30,20220926T160030.ttl
2022-09-26T16:46:42,20220926T164642.ttl
2022-09-26T17:19:50,20220926T171950.ttl
2022-09-26T17:50:41,20220926T175041.ttl
2022-09-26T18:13:50,20220926T181350.ttl
2022-09-26T18:47:38,20220926T184738.ttl
2022-09-26T19:08:22,20220926T190822.ttl
2022-09-26T19:30:38,20220926T193038.ttl
2022-09-26T19:44:31,20220926T194431.ttl
2022-09-26T19:56:35,20220926T195635.ttl
2022-09-26T20:28:39,20220926T202839.ttl
2022-09-26T20:48:46,20220926T204846.ttl
2022-09-26T21:03:25,20220926T210325.ttl
2022-09-26T21:32:19,20220926T213219.ttl
2022-09-26T21:52:00,20220926T215200.ttl
2022-09-26T22:15:25,20220926T221525.ttl
2022-09-26T22:41:05,20220926T224105.ttl
2022-09-26T22:56:04,20220926T225604.ttl
2022-09-26T23:31:50,20220926T233150.ttl
2022-09-26T23:56:42,20220926T235642.ttl
2022-09-27T02:40:00,20220927T024000.ttl
2022-09-27T04:24:34,20220927T042434.ttl
2022-09-27T05:46:43,20220927T054643.ttl
2022-09-27T06:36:58,20220927T063658.ttl
2022-09-27T07:27:20,20220927T072720.ttl
2022-09-27T08:03:30,20220927T080330.ttl
2022-09-27T08:50:26,20220927T085026.ttl
2022-09-27T09:19:58,20220927T091958.ttl
2022-09-27T09:50:04,20220927T095004.ttl
2022-09-27T10:12:33,20220927T101233.ttl
2022-09-27T10:43:59,20220927T104359.ttl
2022-09-27T10:59:54,20220927T105954.ttl
2022-09-27T11:27:39,20220927T112739.ttl
2022-09-27T11:45:54,20220927T114554.ttl
2022-09-27T11:57:38,20220927T115738.ttl
2022-09-27T13:01:24,20220927T130124.ttl
2022-09-27T14:03:58,20220927T140358.ttl
2022-09-27T14:42:07,20220927T144207.ttl
2022-09-27T15:00:28,20220927T150028.ttl
2022-09-27T15:35:01,20220927T153501.ttl
2022-09-27T15:57:44,20220927T155744.ttl
2022-09-27T16:47:19,20220927T164719.ttl
2022-09-27T17:24:07,20220927T172407.ttl
2022-09-27T17:58:29,20220927T175829.ttl
2022-09-27T18:42:35,20220927T184235.ttl
2022-09-27T19:10:24,20220927T191024.ttl
2022-09-27T19:34:56,20220927T193456.ttl
2022-09-27T19:50:23,20220927T195023.ttl
2022-09-27T20:12:17,20220927T201217.ttl
2022-09-27T20:40:56,20220927T204056.ttl
2022-09-27T20:56:54,20220927T205654.ttl
2022-09-27T21:26:04,20220927T212604.ttl
2022-09-27T21:46:25,20220927T214625.ttl
2022-09-27T22:01:09,20220927T220109.ttl
2022-09-27T22:31:02,20220927T223102.ttl
2022-09-27T22:52:28,20220927T225228.ttl
2022-09-27T23:19:10,20220927T231910.ttl
2022-09-27T23:47:06,20220927T234706.ttl
2022-09-28T00:41:20,20220928T004120.ttl
2022-09-28T03:27:02,20220928T032702.ttl
2022-09-28T05:12:03,20220928T051203.ttl
2022-09-28T06:31:08,20220928T063108.ttl
2022-09-28T07:16:10,20220928T071610.ttl
2022-09-28T07:51:10,20220928T075110.ttl
2022-09-28T08:18:14,20220928T081814.ttl
2022-09-28T08:53:28,20220928T085328.ttl
2022-09-28T09:24:34,20220928T092434.ttl
2022-09-28T09:51:38,20220928T095138.ttl
2022-09-28T10:16:20,20220928T101620.ttl
2022-09-28T10:47:04,20220928T104704.ttl
2022-09-28T11:03:41,20220928T110341.ttl
2022-09-28T11:30:53,20220928T113053.ttl
2022-09-28T11:48:03,20220928T114803.ttl
2022-09-28T11:59:47,20220928T115947.ttl
2022-09-28T12:59:26,20220928T125926.ttl
2022-09-28T14:01:20,20220928T140120.ttl
2022-09-28T14:45:29,20220928T144529.ttl
2022-09-28T15:08:15,20220928T150815.ttl
2022-09-28T15:44:42,20220928T154442.ttl
2022-09-28T16:11:17,20220928T161117.ttl
2022-09-28T17:03:59,20220928T170359.ttl
2022-09-28T17:50:04,20220928T175004.ttl
2022-09-28T18:17:47,20220928T181747.ttl
2022-09-28T18:53:25,20220928T185325.ttl
2022-09-28T19:19:36,20220928T191936.ttl
2022-09-28T19:38:59,20220928T193859.ttl
2022-09-28T19:52:17,20220928T195217.ttl
2022-09-28T20:17:24,20220928T201724.ttl
2022-09-28T20:42:28,20220928T204228.ttl
2022-09-28T20:57:53,20220928T205753.ttl
2022-09-28T21:27:02,20220928T212702.ttl
2022-09-28T21:47:49,20220928T214749.ttl
2022-09-28T21:59:39,20220928T215939.ttl
2022-09-28T22:31:37,20220928T223137.ttl
2022-09-28T22:52:16,20220928T225216.ttl
2022-09-28T23:16:33,20220928T231633.ttl
2022-09-28T23:44:32,20220928T234432.ttl
2022-09-29T00:44:02,20220929T004402.ttl
2022-09-29T03:31:22,20220929T033122.ttl
2022-09-29T05:12:27,20220929T051227.ttl
2022-09-29T06:35:17,20220929T063517.ttl
2022-09-29T07:21:41,20220929T072141.ttl
2022-09-29T07:54:09,20220929T075409.ttl
2022-09-29T08:29:28,20220929T082928.ttl
2022-09-29T09:00:16,20220929T090016.ttl
2022-09-29T09:35:42,20220929T093542.ttl
2022-09-29T09:56:49,20220929T095649.ttl
2022-09-29T10:31:27,20220929T103127.ttl
2022-09-29T10:53:18,20220929T105318.ttl
2022-09-29T11:16:06,20220929T111606.ttl
2022-09-29T11:38:15,20220929T113815.ttl
2022-09-29T11:52:10,20220929T115210.ttl
2022-09-29T12:31:21,20220929T123121.ttl
2022-09-29T13:33:26,20220929T133326.ttl
2022-09-29T14:16:00,20220929T141600.ttl
2022-09-29T14:46:13,20220929T144613.ttl
2022-09-29T15:00:56,20220929T150056.ttl
2022-09-29T15:35:52,20220929T153552.ttl
2022-09-29T15:59:00,20220929T155900.ttl
2022-09-29T16:47:23,20220929T164723.ttl
2022-09-29T17:26:53,20220929T172653.ttl
2022-09-29T17:59:38,20220929T175938.ttl
2022-09-29T18:39:34,20220929T183934.ttl
2022-09-29T19:02:47,20220929T190247.ttl
2022-09-29T19:29:57,20220929T192957.ttl
2022-09-29T19:46:08,20220929T194608.ttl
2022-09-29T19:57:55,20220929T195755.ttl
2022-09-29T20:32:14,20220929T203214.ttl
2022-09-29T20:53:28,20220929T205328.ttl
2022-09-29T21:18:03,20220929T211803.ttl
2022-09-29T21:41:31,20220929T214131.ttl
2022-09-29T21:56:29,20220929T215629.ttl
2022-09-29T22:29:15,20220929T222915.ttl
2022-09-29T22:50:49,20220929T225049.ttl
2022-09-29T23:15:22,20220929T231522.ttl
2022-09-29T23:48:45,20220929T234845.ttl
2022-09-30T00:58:47,20220930T005847.ttl
2022-09-30T04:05:01,20220930T040501.ttl
2022-09-30T05:42:12,20220930T054212.ttl
2022-09-30T06:40:32,20220930T064032.ttl
2022-09-30T07:27:34,20220930T072734.ttl
2022-09-30T08:01:38,20220930T080138.ttl
2022-09-30T08:49:42,20220930T084942.ttl
2022-09-30T09:18:32,20220930T091832.ttl
2022-09-30T09:48:09,20220930T094809.ttl
2022-09-30T10:08:47,20220930T100847.ttl
2022-09-30T10:40:32,20220930T104032.ttl
2022-09-30T10:58:10,20220930T105810.ttl
2022-09-30T11:25:46,20220930T112546.ttl
2022-09-30T11:44:40,20220930T114440.ttl
2022-09-30T11:56:42,20220930T115642.ttl
2022-09-30T13:01:22,20220930T130122.ttl
2022-09-30T14:03:08,20220930T140308.ttl
2022-09-30T14:44:01,20220930T144401.ttl
2022-09-30T15:02:17,20220930T150217.ttl
2022-09-30T15:37:02,20220930T153702.ttl
2022-09-30T16:00:48,20220930T160048.ttl
2022-09-30T16:50:44,20220930T165044.ttl
2022-09-30T17:29:43,20220930T172943.ttl
2022-09-30T17:59:43,20220930T175943.ttl
2022-09-30T18:39:26,20220930T183926.ttl
2022-09-30T19:03:02,20220930T190302.ttl
2022-09-30T19:30:26,20220930T193026.ttl
2022-09-30T19:47:01,20220930T194701.ttl
2022-09-30T19:58:43,20220930T195843.ttl
2022-09-30T20:31:40,20220930T203140.ttl
2022-09-30T20:52:45,20220930T205245.ttl
2022-09-30T21:15:23,20220930T211523.ttl
2022-09-30T21:38:53,20220930T213853.ttl
2022-09-30T21:54:22,20220930T215422.ttl
2022-09-30T22:23:22,20220930T222322.ttl
2022-09-30T22:47:09,20220930T224709.ttl
2022-09-30T22:59:13,20220930T225913.ttl
2022-09-30T23:35:22,20220930T233522.ttl
2022-09-30T23:59:10,20220930T235910.ttl
2022-10-01T03:11:35,20221001T031135.ttl
2022-10-01T05:00:34,20221001T050034.ttl
2022-10-01T06:07:01,20221001T060701.ttl
2022-10-01T06:52:10,20221001T065210.ttl
2022-10-01T07:21:43,20221001T072143.ttl
2022-10-01T07:45:13,20221001T074513.ttl
2022-10-01T07:56:54,20221001T075654.ttl
2022-10-01T08:35:47,20221001T083547.ttl
2022-10-01T08:59:38,20221001T085938.ttl
2022-10-01T09:32:39,20221001T093239.ttl
2022-10-01T09:52:59,20221001T095259.ttl
2022-10-01T10:19:02,20221001T101902.ttl
2022-10-01T10:43:55,20221001T104355.ttl
2022-10-01T10:58:15,20221001T105815.ttl
2022-10-01T11:25:16,20221001T112516.ttl
2022-10-01T11:43:09,20221001T114309.ttl
2022-10-01T11:55:06,20221001T115506.ttl
2022-10-01T12:43:56,20221001T124356.ttl
2022-10-01T13:30:31,20221001T133031.ttl
2022-10-01T14:01:24,20221001T140124.ttl
2022-10-01T14:30:20,20221001T143020.ttl
2022-10-01T14:49:14,20221001T144914.ttl
2022-10-01T15:07:10,20221001T150710.ttl
2022-10-01T15:37:05,20221001T153705.ttl
2022-10-01T15:56:44,20221001T155644.ttl
2022-10-01T16:38:34,20221001T163834.ttl
2022-10-01T17:10:35,20221001T171035.ttl
2022-10-01T17:42:13,20221001T174213.ttl
2022-10-01T17:56:57,20221001T175657.ttl
2022-10-01T18:33:52,20221001T183352.ttl
2022-10-01T18:57:13,20221001T185713.ttl
2022-10-01T19:24:07,20221001T192407.ttl
2022-10-01T19:40:18,20221001T194018.ttl
2022-10-01T19:52:08,20221001T195208.ttl
2022-10-01T20:16:08,20221001T201608.ttl
2022-10-01T20:41:06,20221001T204106.ttl
2022-10-01T20:56:04,20221001T205604.ttl
2022-10-01T21:23:48,20221001T212348.ttl
2022-10-01T21:43:35,20221001T214335.ttl
2022-10-01T21:55:28,20221001T215528.ttl
2022-10-01T22:25:11,20221001T222511.ttl
2022-10-01T22:46:44,20221001T224644.ttl
2022-10-01T22:58:36,20221001T225836.ttl
2022-10-01T23:33:12,20221001T233312.ttl
2022-10-01T23:56:13,20221001T235613.ttl
2022-10-02T02:50:11,20221002T025011.ttl
2022-10-02T04:27:35,20221002T042735.ttl
2022-10-02T05:34:10,20221002T053410.ttl
2022-10-02T06:03:53,20221002T060353.ttl
2022-10-02T06:46:26,20221002T064626.ttl
2022-10-02T07:10:44,20221002T071044.ttl
2022-10-02T07:37:45,20221002T073745.ttl
2022-10-02T07:52:07,20221002T075207.ttl
2022-10-02T08:19:23,20221002T081923.ttl
2022-10-02T08:47:59,20221002T084759.ttl
2022-10-02T09:08:56,20221002T090856.ttl
2022-10-02T09:36:53,20221002T093653.ttl
2022-10-02T09:55:01,20221002T095501.ttl
2022-10-02T10:25:00,20221002T102500.ttl
2022-10-02T10:48:50,20221002T104850.ttl
2022-10-02T10:59:54,20221002T105954.ttl
2022-10-02T11:26:23,20221002T112623.ttl
2022-10-02T11:44:14,20221002T114414.ttl
2022-10-02T11:56:23,20221002T115623.ttl
2022-10-02T12:49:44,20221002T124944.ttl
2022-10-02T13:30:19,20221002T133019.ttl
2022-10-02T13:58:27,20221002T135827.ttl
2022-10-02T14:27:30,20221002T142730.ttl
2022-10-02T14:46:25,20221002T144625.ttl
2022-10-02T14:58:25,20221002T145825.ttl
2022-10-02T15:30:15,20221002T153015.ttl
2022-10-02T15:53:21,20221002T155321.ttl
2022-10-02T16:25:10,20221002T162510.ttl
2022-10-02T17:02:18,20221002T170218.ttl
2022-10-02T17:35:10,20221002T173510.ttl
2022-10-02T17:53:48,20221002T175348.ttl
2022-10-02T18:24:12,20221002T182412.ttl
2022-10-02T18:53:04,20221002T185304.ttl
2022-10-02T19:15:24,20221002T191524.ttl
2022-10-02T19:33:07,20221002T193307.ttl
2022-10-02T19:45:55,20221002T194555.ttl
2022-10-02T19:58:05,20221002T195805.ttl
2022-10-02T20:30:25,20221002T203025.ttl
2022-10-02T20:50:53,20221002T205053.ttl
2022-10-02T21:10:16,20221002T211016.ttl
2022-10-02T21:33:56,20221002T213356.ttl
2022-10-02T21:50:38,20221002T215038.ttl
2022-10-02T22:10:40,20221002T221040.ttl
2022-10-02T22:37:13,20221002T223713.ttl
2022-10-02T22:53:39,20221002T225339.ttl
2022-10-02T23:21:58,20221002T232158.ttl
2022-10-02T23:46:45,20221002T234645.ttl
2022-10-03T00:35:05,20221003T003505.ttl
2022-10-03T02:49:46,20221003T024946.ttl
2022-10-03T03:55:10,20221003T035510.ttl
2022-10-03T04:58:27,20221003T045827.ttl
2022-10-03T05:49:43,20221003T054943.ttl
2022-10-03T06:21:32,20221003T062132.ttl
2022-10-03T07:03:14,20221003T070314.ttl
2022-10-03T07:38:06,20221003T073806.ttl
2022-10-03T07:55:31,20221003T075531.ttl
2022-10-03T08:34:09,20221003T083409.ttl
2022-10-03T09:01:33,20221003T090133.ttl
2022-10-03T09:38:35,20221003T093835.ttl
2022-10-03T09:59:06,20221003T095906.ttl
2022-10-03T10:34:00,20221003T103400.ttl
2022-10-03T10:55:24,20221003T105524.ttl
2022-10-03T11:21:32,20221003T112132.ttl
2022-10-03T11:41:04,20221003T114104.ttl
2022-10-03T11:53:59,20221003T115359.ttl
2022-10-03T12:43:07,20221003T124307.ttl
2022-10-03T13:41:05,20221003T134105.ttl
2022-10-03T14:26:52,20221003T142652.ttl
2022-10-03T14:57:38,20221003T145738.ttl
2022-10-03T15:34:48,20221003T153448.ttl
2022-10-03T16:01:02,20221003T160102.ttl
2022-10-03T16:52:08,20221003T165208.ttl
2022-10-03T17:35:23,20221003T173523.ttl
2022-10-03T18:04:51,20221003T180451.ttl
2022-10-03T18:47:17,20221003T184717.ttl
2022-10-03T19:11:10,20221003T191110.ttl
2022-10-03T19:35:14,20221003T193514.ttl
2022-10-03T19:50:22,20221003T195022.ttl
2022-10-03T20:11:33,20221003T201133.ttl
2022-10-03T20:41:26,20221003T204126.ttl
2022-10-03T20:58:11,20221003T205811.ttl
2022-10-03T21:27:14,20221003T212714.ttl
2022-10-03T21:48:32,20221003T214832.ttl
2022-10-03T22:00:18,20221003T220018.ttl
2022-10-03T22:32:21,20221003T223221.ttl
2022-10-03T22:53:45,20221003T225345.ttl
2022-10-03T23:23:25,20221003T232325.ttl
2022-10-03T23:49:43,20221003T234943.ttl
2022-10-04T00:58:47,20221004T005847.ttl
2022-10-04T03:14:07,20221004T031407.ttl
2022-10-04T04:34:16,20221004T043416.ttl
2022-10-04T05:30:31,20221004T053031.ttl
2022-10-04T06:06:11,20221004T060611.ttl
2022-10-04T06:53:06,20221004T065306.ttl
2022-10-04T07:27:02,20221004T072702.ttl
2022-10-04T07:53:48,20221004T075348.ttl
2022-10-04T08:28:36,20221004T082836.ttl
2022-10-04T08:58:25,20221004T085825.ttl
2022-10-04T09:32:47,20221004T093247.ttl
2022-10-04T09:54:48,20221004T095448.ttl
2022-10-04T10:25:22,20221004T102522.ttl
2022-10-04T10:50:29,20221004T105029.ttl
2022-10-04T11:10:50,20221004T111050.ttl
2022-10-04T11:34:00,20221004T113400.ttl
2022-10-04T11:49:26,20221004T114926.ttl
2022-10-04T12:16:21,20221004T121621.ttl
2022-10-04T13:23:50,20221004T132350.ttl
2022-10-04T14:19:38,20221004T141938.ttl
2022-10-04T14:55:12,20221004T145512.ttl
2022-10-04T15:28:11,20221004T152811.ttl
2022-10-04T15:55:20,20221004T155520.ttl
2022-10-04T16:38:31,20221004T163831.ttl
2022-10-04T17:23:58,20221004T172358.ttl
2022-10-04T18:01:48,20221004T180148.ttl
2022-10-04T18:46:53,20221004T184653.ttl
2022-10-04T19:12:13,20221004T191213.ttl
2022-10-04T19:35:56,20221004T193556.ttl
2022-10-04T19:50:52,20221004T195052.ttl
2022-10-04T20:14:03,20221004T201403.ttl
2022-10-04T20:44:07,20221004T204407.ttl
2022-10-04T21:00:00,20221004T210000.ttl
2022-10-04T21:28:32,20221004T212832.ttl
2022-10-04T21:49:07,20221004T214907.ttl
2022-10-04T22:07:00,20221004T220700.ttl
2022-10-04T22:37:18,20221004T223718.ttl
2022-10-04T22:55:48,20221004T225548.ttl
2022-10-04T23:30:46,20221004T233046.ttl
2022-10-04T23:54:52,20221004T235452.ttl
2022-10-05T02:05:06,20221005T020506.ttl
2022-10-05T03:45:45,20221005T034545.ttl
2022-10-05T04:31:30,20221005T043130.ttl
2022-10-05T05:30:37,20221005T053037.ttl
2022-10-05T06:09:09,20221005T060909.ttl
2022-10-05T06:58:34,20221005T065834.ttl
2022-10-05T07:39:10,20221005T073910.ttl
2022-10-05T07:57:33,20221005T075733.ttl
2022-10-05T08:36:07,20221005T083607.ttl
2022-10-05T08:59:26,20221005T085926.ttl
2022-10-05T09:33:59,20221005T093359.ttl
2022-10-05T09:56:16,20221005T095616.ttl
2022-10-05T10:32:16,20221005T103216.ttl
2022-10-05T10:55:08,20221005T105508.ttl
2022-10-05T11:21:32,20221005T112132.ttl
2022-10-05T11:41:01,20221005T114101.ttl
2022-10-05T11:53:46,20221005T115346.ttl
2022-10-05T13:58:33,20221005T135833.ttl
2022-10-05T14:46:02,20221005T144602.ttl
2022-10-05T15:09:01,20221005T150901.ttl
2022-10-05T15:35:50,20221005T153550.ttl
2022-10-05T16:04:12,20221005T160412.ttl
2022-10-05T17:09:01,20221005T170901.ttl
2022-10-05T17:56:50,20221005T175650.ttl
2022-10-05T18:43:40,20221005T184340.ttl
2022-10-05T19:14:54,20221005T191454.ttl
2022-10-05T19:42:49,20221005T194249.ttl
2022-10-05T19:56:51,20221005T195651.ttl
2022-10-05T20:30:49,20221005T203049.ttl
2022-10-05T20:52:20,20221005T205220.ttl
2022-10-05T21:14:27,20221005T211427.ttl
2022-10-05T21:38:27,20221005T213827.ttl
2022-10-05T21:54:11,20221005T215411.ttl
2022-10-05T22:22:53,20221005T222253.ttl
2022-10-05T22:48:02,20221005T224802.ttl
2022-10-05T23:01:17,20221005T230117.ttl
2022-10-05T23:36:19,20221005T233619.ttl
2022-10-05T23:59:12,20221005T235912.ttl
2022-10-06T02:28:45,20221006T022845.ttl
2022-10-06T03:49:36,20221006T034936.ttl
2022-10-06T04:32:09,20221006T043209.ttl
2022-10-06T05:21:26,20221006T052126.ttl
2022-10-06T05:59:09,20221006T055909.ttl
2022-10-06T06:41:36,20221006T064136.ttl
2022-10-06T07:09:40,20221006T070940.ttl
2022-10-06T07:40:34,20221006T074034.ttl
2022-10-06T07:55:52,20221006T075552.ttl
2022-10-06T08:34:03,20221006T083403.ttl
2022-10-06T08:59:55,20221006T085955.ttl
2022-10-06T09:36:34,20221006T093634.ttl
2022-10-06T09:59:53,20221006T095953.ttl
2022-10-06T10:35:47,20221006T103547.ttl
2022-10-06T10:57:31,20221006T105731.ttl
2022-10-06T11:26:34,20221006T112634.ttl
2022-10-06T11:45:27,20221006T114527.ttl
2022-10-06T11:57:11,20221006T115711.ttl
2022-10-06T13:00:13,20221006T130013.ttl
2022-10-06T14:03:10,20221006T140310.ttl
2022-10-06T14:43:59,20221006T144359.ttl
2022-10-06T15:01:43,20221006T150143.ttl
2022-10-06T15:37:03,20221006T153703.ttl
2022-10-06T15:59:26,20221006T155926.ttl
2022-10-06T16:48:40,20221006T164840.ttl
2022-10-06T17:22:06,20221006T172206.ttl
2022-10-06T17:53:47,20221006T175347.ttl
2022-10-06T18:28:04,20221006T182804.ttl
2022-10-06T19:03:36,20221006T190336.ttl
2022-10-06T19:34:03,20221006T193403.ttl
2022-10-06T19:50:27,20221006T195027.ttl
2022-10-06T20:10:58,20221006T201058.ttl
2022-10-06T20:40:44,20221006T204044.ttl
2022-10-06T20:57:49,20221006T205749.ttl
2022-10-06T21:27:19,20221006T212719.ttl
2022-10-06T21:48:39,20221006T214839.ttl
2022-10-06T22:01:10,20221006T220110.ttl
2022-10-06T22:32:46,20221006T223246.ttl
2022-10-06T22:53:35,20221006T225335.ttl
2022-10-06T23:23:48,20221006T232348.ttl
2022-10-06T23:52:33,20221006T235233.ttl
2022-10-07T01:44:35,20221007T014435.ttl
2022-10-07T03:38:55,20221007T033855.ttl
2022-10-07T04:38:00,20221007T043800.ttl
2022-10-07T05:22:53,20221007T052253.ttl
2022-10-07T05:55:41,20221007T055541.ttl
2022-10-07T06:39:19,20221007T063919.ttl
2022-10-07T07:11:47,20221007T071147.ttl
2022-10-07T07:44:13,20221007T074413.ttl
2022-10-07T07:58:06,20221007T075806.ttl
2022-10-07T08:37:24,20221007T083724.ttl
2022-10-07T09:00:56,20221007T090056.ttl
2022-10-07T09:36:12,20221007T093612.ttl
2022-10-07T09:58:19,20221007T095819.ttl
2022-10-07T10:35:02,20221007T103502.ttl
2022-10-07T11:00:29,20221007T110029.ttl
2022-10-07T11:30:14,20221007T113014.ttl
2022-10-07T11:48:35,20221007T114835.ttl
2022-10-07T12:00:23,20221007T120023.ttl
2022-10-07T13:04:12,20221007T130412.ttl
2022-10-07T14:05:07,20221007T140507.ttl
2022-10-07T14:45:22,20221007T144522.ttl
2022-10-07T15:03:23,20221007T150323.ttl
2022-10-07T15:37:19,20221007T153719.ttl
2022-10-07T15:59:16,20221007T155916.ttl
2022-10-07T16:50:50,20221007T165050.ttl
2022-10-07T17:30:59,20221007T173059.ttl
2022-10-07T18:03:42,20221007T180342.ttl
2022-10-07T18:45:17,20221007T184517.ttl
2022-10-07T19:09:54,20221007T190954.ttl
2022-10-07T19:33:38,20221007T193338.ttl
2022-10-07T19:48:42,20221007T194842.ttl
2022-10-07T20:00:54,20221007T200054.ttl
2022-10-07T20:33:20,20221007T203320.ttl
2022-10-07T20:53:28,20221007T205328.ttl
2022-10-07T21:17:35,20221007T211735.ttl
2022-10-07T21:55:06,20221007T215506.ttl
2022-10-07T22:25:22,20221007T222522.ttl
2022-10-07T22:49:45,20221007T224945.ttl
2022-10-07T23:09:40,20221007T230940.ttl
2022-10-07T23:42:41,20221007T234241.ttl
2022-10-08T00:01:32,20221008T000132.ttl
2022-10-08T02:26:49,20221008T022649.ttl
2022-10-08T03:47:40,20221008T034740.ttl
2022-10-08T04:28:06,20221008T042806.ttl
2022-10-08T05:10:59,20221008T051059.ttl
2022-10-08T05:46:17,20221008T054617.ttl
2022-10-08T06:01:41,20221008T060141.ttl
2022-10-08T06:41:14,20221008T064114.ttl
2022-10-08T07:03:40,20221008T070340.ttl
2022-10-08T07:32:36,20221008T073236.ttl
2022-10-08T07:49:37,20221008T074937.ttl
2022-10-08T08:11:24,20221008T081124.ttl
2022-10-08T08:46:00,20221008T084600.ttl
2022-10-08T09:08:25,20221008T090825.ttl
2022-10-08T09:36:26,20221008T093626.ttl
2022-10-08T09:54:31,20221008T095431.ttl
2022-10-08T10:23:57,20221008T102357.ttl
2022-10-08T10:48:11,20221008T104811.ttl
2022-10-08T11:00:25,20221008T110025.ttl
2022-10-08T11:26:17,20221008T112617.ttl
2022-10-08T11:43:50,20221008T114350.ttl
2022-10-08T11:55:38,20221008T115538.ttl
2022-10-08T12:46:23,20221008T124623.ttl
2022-10-08T13:30:52,20221008T133052.ttl
2022-10-08T14:02:18,20221008T140218.ttl
2022-10-08T14:32:53,20221008T143253.ttl
2022-10-08T14:52:20,20221008T145220.ttl
2022-10-08T15:15:49,20221008T151549.ttl
2022-10-08T15:58:36,20221008T155836.ttl
2022-10-08T16:39:58,20221008T163958.ttl
2022-10-08T17:12:04,20221008T171204.ttl
2022-10-08T17:43:43,20221008T174343.ttl
2022-10-08T17:59:00,20221008T175900.ttl
2022-10-08T18:35:04,20221008T183504.ttl
2022-10-08T18:57:57,20221008T185757.ttl
2022-10-08T19:24:33,20221008T192433.ttl
2022-10-08T19:40:35,20221008T194035.ttl
2022-10-08T19:52:21,20221008T195221.ttl
2022-10-08T20:17:03,20221008T201703.ttl
2022-10-08T20:41:08,20221008T204108.ttl
2022-10-08T20:56:15,20221008T205615.ttl
2022-10-08T21:24:43,20221008T212443.ttl
2022-10-08T21:44:50,20221008T214450.ttl
2022-10-08T21:56:35,20221008T215635.ttl
2022-10-08T22:27:55,20221008T222755.ttl
2022-10-08T22:49:28,20221008T224928.ttl
2022-10-08T23:07:32,20221008T230732.ttl
2022-10-08T23:38:45,20221008T233845.ttl
2022-10-08T23:57:48,20221008T235748.ttl
2022-10-09T02:46:22,20221009T024622.ttl
2022-10-09T04:16:23,20221009T041623.ttl
2022-10-09T05:15:42,20221009T051542.ttl
2022-10-09T05:53:37,20221009T055337.ttl
2022-10-09T06:27:12,20221009T062712.ttl
2022-10-09T06:58:07,20221009T065807.ttl
2022-10-09T07:28:46,20221009T072846.ttl
2022-10-09T07:47:04,20221009T074704.ttl
2022-10-09T07:58:44,20221009T075844.ttl
2022-10-09T08:35:36,20221009T083536.ttl
2022-10-09T08:57:49,20221009T085749.ttl
2022-10-09T09:29:36,20221009T092936.ttl
2022-10-09T09:50:59,20221009T095059.ttl
2022-10-09T10:12:37,20221009T101237.ttl
2022-10-09T10:42:30,20221009T104230.ttl
2022-10-09T10:58:53,20221009T105853.ttl
2022-10-09T11:25:17,20221009T112517.ttl
2022-10-09T11:42:28,20221009T114228.ttl
2022-10-09T11:54:14,20221009T115414.ttl
2022-10-09T12:39:05,20221009T123905.ttl
2022-10-09T13:26:05,20221009T132605.ttl
2022-10-09T13:58:15,20221009T135815.ttl
2022-10-09T14:27:43,20221009T142743.ttl
2022-10-09T14:47:16,20221009T144716.ttl
2022-10-09T14:59:27,20221009T145927.ttl
2022-10-09T15:32:00,20221009T153200.ttl
2022-10-09T15:54:48,20221009T155448.ttl
2022-10-09T16:32:15,20221009T163215.ttl
2022-10-09T17:05:34,20221009T170534.ttl
2022-10-09T17:39:28,20221009T173928.ttl
2022-10-09T17:57:10,20221009T175710.ttl
2022-10-09T18:33:58,20221009T183358.ttl
2022-10-09T18:57:17,20221009T185717.ttl
2022-10-09T19:24:19,20221009T192419.ttl
2022-10-09T19:40:48,20221009T194048.ttl
2022-10-09T19:52:36,20221009T195236.ttl
2022-10-09T20:17:52,20221009T201752.ttl
2022-10-09T20:41:49,20221009T204149.ttl
2022-10-09T20:56:59,20221009T205659.ttl
2022-10-09T21:26:02,20221009T212602.ttl
2022-10-09T21:46:28,20221009T214628.ttl
2022-10-09T21:58:19,20221009T215819.ttl
2022-10-09T22:29:19,20221009T222919.ttl
2022-10-09T22:50:32,20221009T225032.ttl
2022-10-09T23:12:02,20221009T231202.ttl
2022-10-09T23:42:45,20221009T234245.ttl
2022-10-10T00:00:19,20221010T000019.ttl
2022-10-10T02:49:13,20221010T024913.ttl
2022-10-10T04:29:40,20221010T042940.ttl
2022-10-10T05:52:33,20221010T055233.ttl
2022-10-10T06:44:08,20221010T064408.ttl
2022-10-10T07:25:25,20221010T072525.ttl
2022-10-10T07:59:00,20221010T075900.ttl
2022-10-10T08:42:50,20221010T084250.ttl
2022-10-10T09:10:24,20221010T091024.ttl
2022-10-10T09:43:21,20221010T094321.ttl
2022-10-10T09:59:51,20221010T095951.ttl
2022-10-10T10:34:25,20221010T103425.ttl
2022-10-10T10:55:47,20221010T105547.ttl
2022-10-10T11:23:17,20221010T112317.ttl
2022-10-10T11:42:04,20221010T114204.ttl
2022-10-10T11:54:34,20221010T115434.ttl
2022-10-10T12:51:46,20221010T125146.ttl
2022-10-10T13:54:13,20221010T135413.ttl
2022-10-10T14:38:50,20221010T143850.ttl
2022-10-10T15:03:11,20221010T150311.ttl
2022-10-10T15:38:28,20221010T153828.ttl
2022-10-10T16:00:29,20221010T160029.ttl
2022-10-10T16:49:17,20221010T164917.ttl
2022-10-10T17:29:42,20221010T172942.ttl
2022-10-10T18:02:48,20221010T180248.ttl
2022-10-10T18:49:48,20221010T184948.ttl
2022-10-10T19:18:06,20221010T191806.ttl
2022-10-10T19:42:28,20221010T194228.ttl
2022-10-10T19:56:01,20221010T195601.ttl
2022-10-10T20:29:43,20221010T202943.ttl
2022-10-10T20:52:13,20221010T205213.ttl
2022-10-10T21:14:18,20221010T211418.ttl
2022-10-10T21:38:55,20221010T213855.ttl
2022-10-10T21:54:43,20221010T215443.ttl
2022-10-10T22:24:45,20221010T222445.ttl
2022-10-10T22:49:20,20221010T224920.ttl
2022-10-10T23:07:53,20221010T230753.ttl
2022-10-10T23:42:35,20221010T234235.ttl
2022-10-11T00:01:47,20221011T000147.ttl
2022-10-11T02:48:46,20221011T024846.ttl
2022-10-11T04:27:57,20221011T042757.ttl
2022-10-11T05:49:41,20221011T054941.ttl
2022-10-11T06:34:03,20221011T063403.ttl
2022-10-11T07:25:02,20221011T072502.ttl
2022-10-11T08:01:14,20221011T080114.ttl
2022-10-11T08:43:20,20221011T084320.ttl
2022-10-11T09:10:14,20221011T091014.ttl
2022-10-11T09:42:42,20221011T094242.ttl
2022-10-11T09:59:43,20221011T095943.ttl
2022-10-11T10:34:40,20221011T103440.ttl
2022-10-11T10:56:31,20221011T105631.ttl
2022-10-11T11:24:38,20221011T112438.ttl
2022-10-11T11:43:38,20221011T114338.ttl
2022-10-11T11:55:37,20221011T115537.ttl
2022-10-11T12:55:38,20221011T125538.ttl
2022-10-11T13:59:39,20221011T135939.ttl
2022-10-11T14:37:01,20221011T143701.ttl
2022-10-11T14:58:21,20221011T145821.ttl
2022-10-11T15:34:20,20221011T153420.ttl
2022-10-11T15:58:13,20221011T155813.ttl
2022-10-11T16:45:24,20221011T164524.ttl
2022-10-11T17:19:40,20221011T171940.ttl
2022-10-11T17:51:02,20221011T175102.ttl
2022-10-11T18:17:35,20221011T181735.ttl
2022-10-11T18:51:35,20221011T185135.ttl
2022-10-11T19:16:53,20221011T191653.ttl
2022-10-11T19:38:43,20221011T193843.ttl
2022-10-11T19:52:54,20221011T195254.ttl
2022-10-11T20:20:36,20221011T202036.ttl
2022-10-11T20:46:52,20221011T204652.ttl
2022-10-11T21:01:41,20221011T210141.ttl
2022-10-11T21:32:00,20221011T213200.ttl
2022-10-11T21:53:19,20221011T215319.ttl
2022-10-11T22:19:46,20221011T221946.ttl
2022-10-11T22:46:04,20221011T224604.ttl
2022-10-11T23:00:35,20221011T230035.ttl
2022-10-11T23:38:00,20221011T233800.ttl
2022-10-12T00:00:10,20221012T000010.ttl
2022-10-12T02:53:41,20221012T025341.ttl
2022-10-12T04:23:23,20221012T042323.ttl
2022-10-12T05:29:12,20221012T052912.ttl
2022-10-12T06:05:38,20221012T060538.ttl
2022-10-12T06:51:14,20221012T065114.ttl
2022-10-12T07:21:53,20221012T072153.ttl
2022-10-12T07:48:47,20221012T074847.ttl
2022-10-12T08:08:50,20221012T080850.ttl
2022-10-12T08:46:05,20221012T084605.ttl
2022-10-12T09:11:35,20221012T091135.ttl
2022-10-12T09:44:42,20221012T094442.ttl
2022-10-12T10:01:05,20221012T100105.ttl
2022-10-12T10:37:20,20221012T103720.ttl
2022-10-12T10:59:19,20221012T105919.ttl
2022-10-12T11:28:45,20221012T112845.ttl
2022-10-12T11:47:42,20221012T114742.ttl
2022-10-12T11:59:33,20221012T115933.ttl
2022-10-12T13:00:51,20221012T130051.ttl
2022-10-12T14:06:16,20221012T140616.ttl
2022-10-12T14:48:19,20221012T144819.ttl
2022-10-12T15:10:00,20221012T151000.ttl
2022-10-12T15:47:29,20221012T154729.ttl
2022-10-12T16:15:06,20221012T161506.ttl
2022-10-12T17:12:17,20221012T171217.ttl
2022-10-12T17:56:40,20221012T175640.ttl
2022-10-12T18:38:28,20221012T183828.ttl
2022-10-12T19:04:45,20221012T190445.ttl
2022-10-12T19:33:10,20221012T193310.ttl
2022-10-12T19:50:28,20221012T195028.ttl
2022-10-12T20:12:15,20221012T201215.ttl
2022-10-12T20:42:19,20221012T204219.ttl
2022-10-12T20:59:12,20221012T205912.ttl
2022-10-12T21:28:52,20221012T212852.ttl
2022-10-12T21:50:22,20221012T215022.ttl
2022-10-12T22:10:41,20221012T221041.ttl
2022-10-12T22:40:24,20221012T224024.ttl
2022-10-12T22:57:19,20221012T225719.ttl
2022-10-12T23:34:02,20221012T233402.ttl
2022-10-12T23:57:06,20221012T235706.ttl
2022-10-13T02:44:02,20221013T024402.ttl
2022-10-13T04:30:26,20221013T043026.ttl
2022-10-13T05:49:55,20221013T054955.ttl
2022-10-13T06:34:48,20221013T063448.ttl
2022-10-13T07:20:53,20221013T072053.ttl
2022-10-13T07:51:22,20221013T075122.ttl
2022-10-13T08:18:51,20221013T081851.ttl
2022-10-13T08:50:41,20221013T085041.ttl
2022-10-13T09:16:59,20221013T091659.ttl
2022-10-13T09:45:51,20221013T094551.ttl
2022-10-13T10:00:51,20221013T100051.ttl
2022-10-13T10:36:07,20221013T103607.ttl
2022-10-13T10:58:09,20221013T105809.ttl
2022-10-13T11:26:33,20221013T112633.ttl
2022-10-13T11:45:52,20221013T114552.ttl
2022-10-13T11:57:52,20221013T115752.ttl
2022-10-13T13:06:03,20221013T130603.ttl
2022-10-13T14:03:14,20221013T140314.ttl
2022-10-13T14:37:12,20221013T143712.ttl
2022-10-13T14:57:08,20221013T145708.ttl
2022-10-13T15:32:05,20221013T153205.ttl
2022-10-13T15:56:36,20221013T155636.ttl
2022-10-13T16:45:07,20221013T164507.ttl
2022-10-13T17:27:22,20221013T172722.ttl
2022-10-13T18:04:26,20221013T180426.ttl
2022-10-13T18:47:56,20221013T184756.ttl
2022-10-13T19:13:32,20221013T191332.ttl
2022-10-13T19:38:45,20221013T193845.ttl
2022-10-13T19:52:15,20221013T195215.ttl
2022-10-13T20:18:09,20221013T201809.ttl
2022-10-13T20:44:03,20221013T204403.ttl
2022-10-13T20:59:52,20221013T205952.ttl
2022-10-13T21:29:26,20221013T212926.ttl
2022-10-13T21:50:00,20221013T215000.ttl
2022-10-13T22:10:36,20221013T221036.ttl
2022-10-13T22:42:16,20221013T224216.ttl
2022-10-13T22:59:07,20221013T225907.ttl
2022-10-13T23:36:54,20221013T233654.ttl
2022-10-13T23:59:23,20221013T235923.ttl
2022-10-14T03:06:52,20221014T030652.ttl
2022-10-14T05:00:55,20221014T050055.ttl
2022-10-14T06:16:48,20221014T061648.ttl
2022-10-14T07:06:29,20221014T070629.ttl
2022-10-14T07:47:32,20221014T074732.ttl
2022-10-14T08:11:34,20221014T081134.ttl
2022-10-14T08:48:52,20221014T084852.ttl
2022-10-14T09:12:48,20221014T091248.ttl
2022-10-14T09:43:42,20221014T094342.ttl
2022-10-14T10:00:02,20221014T100002.ttl
2022-10-14T10:34:55,20221014T103455.ttl
2022-10-14T10:56:38,20221014T105638.ttl
2022-10-14T11:25:35,20221014T112535.ttl
2022-10-14T11:44:53,20221014T114453.ttl
2022-10-14T11:56:42,20221014T115642.ttl
2022-10-14T13:01:24,20221014T130124.ttl
2022-10-14T14:08:10,20221014T140810.ttl
2022-10-14T14:46:22,20221014T144622.ttl
2022-10-14T15:08:15,20221014T150815.ttl
2022-10-14T15:43:28,20221014T154328.ttl
2022-10-14T16:02:21,20221014T160221.ttl
2022-10-14T16:50:46,20221014T165046.ttl
2022-10-14T17:25:23,20221014T172523.ttl
2022-10-14T17:55:33,20221014T175533.ttl
2022-10-14T18:32:52,20221014T183252.ttl
2022-10-14T18:59:51,20221014T185951.ttl
2022-10-14T19:27:49,20221014T192749.ttl
2022-10-14T19:45:02,20221014T194502.ttl
2022-10-14T19:57:08,20221014T195708.ttl
2022-10-14T20:34:53,20221014T203453.ttl
2022-10-14T20:56:30,20221014T205630.ttl
2022-10-14T21:27:15,20221014T212715.ttl
2022-10-14T21:48:58,20221014T214858.ttl
2022-10-14T22:05:23,20221014T220523.ttl
2022-10-14T22:35:29,20221014T223529.ttl
2022-10-14T22:55:21,20221014T225521.ttl
2022-10-14T23:28:27,20221014T232827.ttl
2022-10-14T23:52:43,20221014T235243.ttl
2022-10-15T01:48:05,20221015T014805.ttl
2022-10-15T04:06:02,20221015T040602.ttl
2022-10-15T05:22:44,20221015T052244.ttl
2022-10-15T06:03:14,20221015T060314.ttl
2022-10-15T06:47:00,20221015T064700.ttl
2022-10-15T07:12:21,20221015T071221.ttl
2022-10-15T07:40:27,20221015T074027.ttl
2022-10-15T07:54:24,20221015T075424.ttl
2022-10-15T08:29:15,20221015T082915.ttl
2022-10-15T08:57:08,20221015T085708.ttl
2022-10-15T09:30:33,20221015T093033.ttl
2022-10-15T09:51:57,20221015T095157.ttl
2022-10-15T10:15:27,20221015T101527.ttl
2022-10-15T10:43:23,20221015T104323.ttl
2022-10-15T10:58:36,20221015T105836.ttl
2022-10-15T11:25:06,20221015T112506.ttl
2022-10-15T11:42:19,20221015T114219.ttl
2022-10-15T11:54:10,20221015T115410.ttl
2022-10-15T12:39:57,20221015T123957.ttl
2022-10-15T13:26:50,20221015T132650.ttl
2022-10-15T13:59:31,20221015T135931.ttl
2022-10-15T14:29:24,20221015T142924.ttl
2022-10-15T14:49:56,20221015T144956.ttl
2022-10-15T15:07:17,20221015T150717.ttl
2022-10-15T15:37:19,20221015T153719.ttl
2022-10-15T15:57:01,20221015T155701.ttl
2022-10-15T16:39:48,20221015T163948.ttl
2022-10-15T17:12:40,20221015T171240.ttl
2022-10-15T17:44:31,20221015T174431.ttl
2022-10-15T17:58:59,20221015T175859.ttl
2022-10-15T18:35:33,20221015T183533.ttl
2022-10-15T18:58:45,20221015T185845.ttl
2022-10-15T19:25:11,20221015T192511.ttl
2022-10-15T19:41:41,20221015T194141.ttl
2022-10-15T19:53:23,20221015T195323.ttl
2022-10-15T20:20:02,20221015T202002.ttl
2022-10-15T20:43:12,20221015T204312.ttl
2022-10-15T20:57:54,20221015T205754.ttl
2022-10-15T21:26:34,20221015T212634.ttl
2022-10-15T21:47:29,20221015T214729.ttl
2022-10-15T21:59:14,20221015T215914.ttl
2022-10-15T22:30:12,20221015T223012.ttl
2022-10-15T22:51:32,20221015T225132.ttl
2022-10-15T23:15:39,20221015T231539.ttl
2022-10-15T23:44:27,20221015T234427.ttl
2022-10-16T00:01:05,20221016T000105.ttl
2022-10-16T03:09:45,20221016T030945.ttl
2022-10-16T04:47:54,20221016T044754.ttl
2022-10-16T05:37:28,20221016T053728.ttl
2022-10-16T06:05:21,20221016T060521.ttl
2022-10-16T06:47:01,20221016T064701.ttl
2022-10-16T07:11:10,20221016T071110.ttl
2022-10-16T07:39:03,20221016T073903.ttl
2022-10-16T07:53:37,20221016T075337.ttl
2022-10-16T08:25:21,20221016T082521.ttl
2022-10-16T08:53:39,20221016T085339.ttl
2022-10-16T09:20:37,20221016T092037.ttl
2022-10-16T09:44:20,20221016T094420.ttl
2022-10-16T09:58:24,20221016T095824.ttl
2022-10-16T10:32:21,20221016T103221.ttl
2022-10-16T10:53:40,20221016T105340.ttl
2022-10-16T11:15:26,20221016T111526.ttl
2022-10-16T11:35:55,20221016T113555.ttl
2022-10-16T11:49:42,20221016T114942.ttl
2022-10-16T12:15:25,20221016T121525.ttl
2022-10-16T13:07:24,20221016T130724.ttl
2022-10-16T13:51:05,20221016T135105.ttl
2022-10-16T14:13:48,20221016T141348.ttl
2022-10-16T14:39:09,20221016T143909.ttl
2022-10-16T14:54:21,20221016T145421.ttl
2022-10-16T15:22:57,20221016T152257.ttl
2022-10-16T15:47:39,20221016T154739.ttl
2022-10-16T16:07:06,20221016T160706.ttl
2022-10-16T16:51:50,20221016T165150.ttl
2022-10-16T17:23:03,20221016T172303.ttl
2022-10-16T17:50:50,20221016T175050.ttl
2022-10-16T18:14:04,20221016T181404.ttl
2022-10-16T18:46:08,20221016T184608.ttl
2022-10-16T19:07:07,20221016T190707.ttl
2022-10-16T19:30:01,20221016T193001.ttl
2022-10-16T19:44:55,20221016T194455.ttl
2022-10-16T19:56:44,20221016T195644.ttl
2022-10-16T20:30:38,20221016T203038.ttl
2022-10-16T20:52:06,20221016T205206.ttl
2022-10-16T21:13:23,20221016T211323.ttl
2022-10-16T21:36:46,20221016T213646.ttl
2022-10-16T21:52:46,20221016T215246.ttl
2022-10-16T22:16:42,20221016T221642.ttl
2022-10-16T22:42:15,20221016T224215.ttl
2022-10-16T22:57:04,20221016T225704.ttl
2022-10-16T23:33:51,20221016T233351.ttl
2022-10-16T23:56:09,20221016T235609.ttl
2022-10-17T02:51:43,20221017T025143.ttl
2022-10-17T04:55:27,20221017T045527.ttl
2022-10-17T06:17:44,20221017T061744.ttl
2022-10-17T07:13:11,20221017T071311.ttl
2022-10-17T07:59:31,20221017T075931.ttl
2022-10-17T08:48:01,20221017T084801.ttl
2022-10-17T09:20:54,20221017T092054.ttl
2022-10-17T09:56:04,20221017T095604.ttl
2022-10-17T10:33:56,20221017T103356.ttl
2022-10-17T10:59:47,20221017T105947.ttl
2022-10-17T11:29:39,20221017T112939.ttl
2022-10-17T11:48:12,20221017T114812.ttl
2022-10-17T12:00:05,20221017T120005.ttl
2022-10-17T13:07:06,20221017T130706.ttl
2022-10-17T14:10:29,20221017T141029.ttl
2022-10-17T14:49:12,20221017T144912.ttl
2022-10-17T15:12:29,20221017T151229.ttl
2022-10-17T15:50:06,20221017T155006.ttl
2022-10-17T16:20:52,20221017T162052.ttl
2022-10-17T17:20:02,20221017T172002.ttl
2022-10-17T18:03:51,20221017T180351.ttl
2022-10-17T18:55:44,20221017T185544.ttl
2022-10-17T19:33:51,20221017T193351.ttl
2022-10-17T19:53:15,20221017T195315.ttl
2022-10-17T20:20:22,20221017T202022.ttl
2022-10-17T20:45:29,20221017T204529.ttl
2022-10-17T21:00:00,20221017T210000.ttl
2022-10-17T21:28:27,20221017T212827.ttl
2022-10-17T21:49:19,20221017T214919.ttl
2022-10-17T22:07:36,20221017T220736.ttl
2022-10-17T22:39:14,20221017T223914.ttl
2022-10-17T22:57:19,20221017T225719.ttl
2022-10-17T23:35:01,20221017T233501.ttl
2022-10-18T02:50:39,20221018T025039.ttl
2022-10-18T04:45:27,20221018T044527.ttl
2022-10-18T06:01:43,20221018T060143.ttl
2022-10-18T07:05:50,20221018T070550.ttl
2022-10-18T07:50:45,20221018T075045.ttl
2022-10-18T08:20:52,20221018T082052.ttl
2022-10-18T09:02:34,20221018T090234.ttl
2022-10-18T09:39:44,20221018T093944.ttl
2022-10-18T10:00:38,20221018T100038.ttl
2022-10-18T10:39:13,20221018T103913.ttl
2022-10-18T11:00:41,20221018T110041.ttl
2022-10-18T11:28:58,20221018T112858.ttl
2022-10-18T11:47:18,20221018T114718.ttl
2022-10-18T11:59:05,20221018T115905.ttl
2022-10-18T13:05:17,20221018T130517.ttl
2022-10-18T14:08:20,20221018T140820.ttl
2022-10-18T14:45:35,20221018T144535.ttl
2022-10-18T15:01:42,20221018T150142.ttl
2022-10-18T15:39:43,20221018T153943.ttl
2022-10-18T16:03:08,20221018T160308.ttl
2022-10-18T16:55:44,20221018T165544.ttl
2022-10-18T17:42:00,20221018T174200.ttl
2022-10-18T18:14:14,20221018T181414.ttl
2022-10-18T18:57:04,20221018T185704.ttl
2022-10-18T19:30:55,20221018T193055.ttl
2022-10-18T19:49:35,20221018T194935.ttl
2022-10-18T20:09:28,20221018T200928.ttl
2022-10-18T20:40:53,20221018T204053.ttl
2022-10-18T20:58:47,20221018T205847.ttl
2022-10-18T21:29:11,20221018T212911.ttl
2022-10-18T21:49:39,20221018T214939.ttl
2022-10-18T22:09:31,20221018T220931.ttl
2022-10-18T22:40:29,20221018T224029.ttl
2022-10-18T22:56:42,20221018T225642.ttl
2022-10-18T23:35:46,20221018T233546.ttl
2022-10-18T23:59:01,20221018T235901.ttl
2022-10-19T02:49:02,20221019T024902.ttl
2022-10-19T04:45:35,20221019T044535.ttl
2022-10-19T06:04:45,20221019T060445.ttl
2022-10-19T07:11:32,20221019T071132.ttl
2022-10-19T07:57:02,20221019T075702.ttl
2022-10-19T08:46:20,20221019T084620.ttl
2022-10-19T09:16:35,20221019T091635.ttl
2022-10-19T09:50:05,20221019T095005.ttl
2022-10-19T10:17:28,20221019T101728.ttl
2022-10-19T10:50:34,20221019T105034.ttl
2022-10-19T11:13:32,20221019T111332.ttl
2022-10-19T11:38:50,20221019T113850.ttl
2022-10-19T11:53:43,20221019T115343.ttl
2022-10-19T12:44:07,20221019T124407.ttl
2022-10-19T13:43:16,20221019T134316.ttl
2022-10-19T14:25:00,20221019T142500.ttl
2022-10-19T14:56:23,20221019T145623.ttl
2022-10-19T15:33:08,20221019T153308.ttl
2022-10-19T15:59:11,20221019T155911.ttl
2022-10-19T16:53:47,20221019T165347.ttl
2022-10-19T17:42:45,20221019T174245.ttl
2022-10-19T18:19:14,20221019T181914.ttl
2022-10-19T19:01:36,20221019T190136.ttl
2022-10-19T19:34:24,20221019T193424.ttl
2022-10-19T19:52:15,20221019T195215.ttl
2022-10-19T20:16:58,20221019T201658.ttl
2022-10-19T20:43:54,20221019T204354.ttl
2022-10-19T21:00:08,20221019T210008.ttl
2022-10-19T21:30:11,20221019T213011.ttl
2022-10-19T21:51:47,20221019T215147.ttl
2022-10-19T22:15:21,20221019T221521.ttl
2022-10-19T22:45:52,20221019T224552.ttl
2022-10-19T23:01:09,20221019T230109.ttl
2022-10-19T23:37:57,20221019T233757.ttl
2022-10-20T00:00:12,20221020T000012.ttl
2022-10-20T02:53:10,20221020T025310.ttl
2022-10-20T04:19:18,20221020T041918.ttl
2022-10-20T05:22:12,20221020T052212.ttl
2022-10-20T05:57:39,20221020T055739.ttl
2022-10-20T06:47:29,20221020T064729.ttl
2022-10-20T07:18:36,20221020T071836.ttl
2022-10-20T07:47:07,20221020T074707.ttl
2022-10-20T08:00:38,20221020T080038.ttl
2022-10-20T08:41:16,20221020T084116.ttl
2022-10-20T09:11:01,20221020T091101.ttl
2022-10-20T09:44:55,20221020T094455.ttl
2022-10-20T10:01:21,20221020T100121.ttl
2022-10-20T10:38:33,20221020T103833.ttl
2022-10-20T10:59:56,20221020T105956.ttl
2022-10-20T11:29:38,20221020T112938.ttl
2022-10-20T11:48:19,20221020T114819.ttl
2022-10-20T12:00:02,20221020T120002.ttl
2022-10-20T13:05:41,20221020T130541.ttl
2022-10-20T14:09:52,20221020T140952.ttl
2022-10-20T14:47:22,20221020T144722.ttl
2022-10-20T15:09:22,20221020T150922.ttl
2022-10-20T15:44:46,20221020T154446.ttl
2022-10-20T16:13:03,20221020T161303.ttl
2022-10-20T17:04:33,20221020T170433.ttl
2022-10-20T17:56:01,20221020T175601.ttl
2022-10-20T18:46:36,20221020T184636.ttl
2022-10-20T19:17:24,20221020T191724.ttl
2022-10-20T19:42:44,20221020T194244.ttl
2022-10-20T19:57:08,20221020T195708.ttl
2022-10-20T20:32:31,20221020T203231.ttl
2022-10-20T20:53:15,20221020T205315.ttl
2022-10-20T21:18:13,20221020T211813.ttl
2022-10-20T21:41:28,20221020T214128.ttl
2022-10-20T21:56:40,20221020T215640.ttl
2022-10-20T22:29:54,20221020T222954.ttl
2022-10-20T22:53:49,20221020T225349.ttl
2022-10-20T23:25:07,20221020T232507.ttl
2022-10-20T23:54:00,20221020T235400.ttl
2022-10-21T01:45:45,20221021T014545.ttl
2022-10-21T03:29:04,20221021T032904.ttl
2022-10-21T04:50:23,20221021T045023.ttl
2022-10-21T05:44:06,20221021T054406.ttl
2022-10-21T06:19:38,20221021T061938.ttl
2022-10-21T07:02:47,20221021T070247.ttl
2022-10-21T07:39:12,20221021T073912.ttl
2022-10-21T07:57:31,20221021T075731.ttl
2022-10-21T08:40:14,20221021T084014.ttl
2022-10-21T09:04:27,20221021T090427.ttl
2022-10-21T09:39:58,20221021T093958.ttl
2022-10-21T10:00:13,20221021T100013.ttl
2022-10-21T10:36:21,20221021T103621.ttl
2022-10-21T10:58:13,20221021T105813.ttl
2022-10-21T11:27:27,20221021T112727.ttl
2022-10-21T11:47:12,20221021T114712.ttl
2022-10-21T11:59:00,20221021T115900.ttl
2022-10-21T13:02:28,20221021T130228.ttl
2022-10-21T14:09:01,20221021T140901.ttl
2022-10-21T14:50:23,20221021T145023.ttl
2022-10-21T15:17:05,20221021T151705.ttl
2022-10-21T15:50:51,20221021T155051.ttl
2022-10-21T16:21:44,20221021T162144.ttl
2022-10-21T17:08:02,20221021T170802.ttl
2022-10-21T17:47:54,20221021T174754.ttl
2022-10-21T18:10:47,20221021T181047.ttl
2022-10-21T18:50:45,20221021T185045.ttl
2022-10-21T19:16:45,20221021T191645.ttl
2022-10-21T19:39:18,20221021T193918.ttl
2022-10-21T19:53:34,20221021T195334.ttl
2022-10-21T20:22:02,20221021T202202.ttl
2022-10-21T20:46:13,20221021T204613.ttl
2022-10-21T20:59:47,20221021T205947.ttl
2022-10-21T21:29:14,20221021T212914.ttl
2022-10-21T21:50:16,20221021T215016.ttl
2022-10-21T22:10:33,20221021T221033.ttl
2022-10-21T22:41:13,20221021T224113.ttl
2022-10-21T22:58:20,20221021T225820.ttl
2022-10-21T23:35:34,20221021T233534.ttl
2022-10-21T23:58:21,20221021T235821.ttl
2022-10-22T02:36:26,20221022T023626.ttl
2022-10-22T04:10:08,20221022T041008.ttl
2022-10-22T05:18:23,20221022T051823.ttl
2022-10-22T05:56:45,20221022T055645.ttl
2022-10-22T06:38:22,20221022T063822.ttl
2022-10-22T07:03:34,20221022T070334.ttl
2022-10-22T07:33:59,20221022T073359.ttl
2022-10-22T07:51:13,20221022T075113.ttl
2022-10-22T08:17:18,20221022T081718.ttl
2022-10-22T08:49:45,20221022T084945.ttl
2022-10-22T09:13:08,20221022T091308.ttl
2022-10-22T09:41:59,20221022T094159.ttl
2022-10-22T09:57:56,20221022T095756.ttl
2022-10-22T10:32:08,20221022T103208.ttl
2022-10-22T10:54:00,20221022T105400.ttl
2022-10-22T11:17:42,20221022T111742.ttl
2022-10-22T11:37:15,20221022T113715.ttl
2022-10-22T11:50:59,20221022T115059.ttl
2022-10-22T12:22:15,20221022T122215.ttl
2022-10-22T13:13:21,20221022T131321.ttl
2022-10-22T13:55:04,20221022T135504.ttl
2022-10-22T14:23:26,20221022T142326.ttl
2022-10-22T14:45:27,20221022T144527.ttl
2022-10-22T14:57:59,20221022T145759.ttl
2022-10-22T15:31:14,20221022T153114.ttl
2022-10-22T15:54:32,20221022T155432.ttl
2022-10-22T16:31:50,20221022T163150.ttl
2022-10-22T17:07:06,20221022T170706.ttl
2022-10-22T17:42:34,20221022T174234.ttl
2022-10-22T17:58:56,20221022T175856.ttl
2022-10-22T18:36:34,20221022T183634.ttl
2022-10-22T18:59:59,20221022T185959.ttl
2022-10-22T19:26:55,20221022T192655.ttl
2022-10-22T19:44:03,20221022T194403.ttl
2022-10-22T19:56:00,20221022T195600.ttl
2022-10-22T20:28:28,20221022T202828.ttl
2022-10-22T20:50:50,20221022T205050.ttl
2022-10-22T21:10:39,20221022T211039.ttl
2022-10-22T21:35:08,20221022T213508.ttl
2022-10-22T21:52:14,20221022T215214.ttl
2022-10-22T22:15:31,20221022T221531.ttl
2022-10-22T22:42:18,20221022T224218.ttl
2022-10-22T22:57:38,20221022T225738.ttl
2022-10-22T23:34:19,20221022T233419.ttl
2022-10-22T23:56:37,20221022T235637.ttl
2022-10-23T02:45:15,20221023T024515.ttl
2022-10-23T04:21:01,20221023T042101.ttl
2022-10-23T05:27:15,20221023T052715.ttl
2022-10-23T06:03:56,20221023T060356.ttl
2022-10-23T06:46:42,20221023T064642.ttl
2022-10-23T07:12:39,20221023T071239.ttl
2022-10-23T07:41:18,20221023T074118.ttl
2022-10-23T07:55:17,20221023T075517.ttl
2022-10-23T08:30:49,20221023T083049.ttl
2022-10-23T08:56:19,20221023T085619.ttl
2022-10-23T09:29:10,20221023T092910.ttl
2022-10-23T09:51:59,20221023T095159.ttl
2022-10-23T10:15:58,20221023T101558.ttl
2022-10-23T10:43:48,20221023T104348.ttl
2022-10-23T10:59:18,20221023T105918.ttl
2022-10-23T11:26:10,20221023T112610.ttl
2022-10-23T11:44:32,20221023T114432.ttl
2022-10-23T11:56:24,20221023T115624.ttl
2022-10-23T12:53:25,20221023T125325.ttl
2022-10-23T13:41:17,20221023T134117.ttl
2022-10-23T14:05:38,20221023T140538.ttl
2022-10-23T14:35:08,20221023T143508.ttl
2022-10-23T14:54:04,20221023T145404.ttl
2022-10-23T15:20:57,20221023T152057.ttl
2022-10-23T15:46:18,20221023T154618.ttl
2022-10-23T16:01:05,20221023T160105.ttl
2022-10-23T16:46:42,20221023T164642.ttl
2022-10-23T17:17:53,20221023T171753.ttl
2022-10-23T17:48:18,20221023T174818.ttl
2022-10-23T18:08:05,20221023T180805.ttl
2022-10-23T18:44:09,20221023T184409.ttl
2022-10-23T19:05:50,20221023T190550.ttl
2022-10-23T19:30:12,20221023T193012.ttl
2022-10-23T19:45:38,20221023T194538.ttl
2022-10-23T19:57:33,20221023T195733.ttl
2022-10-23T20:31:22,20221023T203122.ttl
2022-10-23T20:52:59,20221023T205259.ttl
2022-10-23T21:15:47,20221023T211547.ttl
2022-10-23T21:38:56,20221023T213856.ttl
2022-10-23T21:54:22,20221023T215422.ttl
2022-10-23T22:21:33,20221023T222133.ttl
2022-10-23T22:45:27,20221023T224527.ttl
2022-10-23T22:58:30,20221023T225830.ttl
2022-10-23T23:35:34,20221023T233534.ttl
2022-10-23T23:58:03,20221023T235803.ttl
2022-10-24T03:08:09,20221024T030809.ttl
2022-10-24T05:09:42,20221024T050942.ttl
2022-10-24T06:37:35,20221024T063735.ttl
2022-10-24T07:36:09,20221024T073609.ttl
2022-10-24T08:05:22,20221024T080522.ttl
2022-10-24T08:54:22,20221024T085422.ttl
2022-10-24T09:33:54,20221024T093354.ttl
2022-10-24T10:00:13,20221024T100013.ttl
2022-10-24T10:41:17,20221024T104117.ttl
2022-10-24T11:05:23,20221024T110523.ttl
2022-10-24T11:34:22,20221024T113422.ttl
2022-10-24T11:52:19,20221024T115219.ttl
2022-10-24T12:34:27,20221024T123427.ttl
2022-10-24T13:40:19,20221024T134019.ttl
2022-10-24T14:29:38,20221024T142938.ttl
2022-10-24T15:01:17,20221024T150117.ttl
2022-10-24T15:38:17,20221024T153817.ttl
2022-10-24T16:01:38,20221024T160138.ttl
2022-10-24T16:52:18,20221024T165218.ttl
2022-10-24T17:32:36,20221024T173236.ttl
2022-10-24T18:03:52,20221024T180352.ttl
2022-10-24T18:53:11,20221024T185311.ttl
2022-10-24T19:24:48,20221024T192448.ttl
2022-10-24T19:47:23,20221024T194723.ttl
2022-10-24T19:59:14,20221024T195914.ttl
2022-10-24T20:34:16,20221024T203416.ttl
2022-10-24T20:55:28,20221024T205528.ttl
2022-10-24T21:24:55,20221024T212455.ttl
2022-10-24T21:47:48,20221024T214748.ttl
2022-10-24T21:59:32,20221024T215932.ttl
2022-10-24T22:32:32,20221024T223232.ttl
2022-10-24T22:54:24,20221024T225424.ttl
2022-10-24T23:27:08,20221024T232708.ttl
2022-10-24T23:54:21,20221024T235421.ttl
2022-10-25T02:15:38,20221025T021538.ttl
2022-10-25T04:34:47,20221025T043447.ttl
2022-10-25T06:02:53,20221025T060253.ttl
2022-10-25T07:08:14,20221025T070814.ttl
2022-10-25T07:51:58,20221025T075158.ttl
2022-10-25T08:27:28,20221025T082728.ttl
2022-10-25T09:03:36,20221025T090336.ttl
2022-10-25T09:44:47,20221025T094447.ttl
2022-10-25T10:08:45,20221025T100845.ttl
2022-10-25T10:44:07,20221025T104407.ttl
2022-10-25T11:01:30,20221025T110130.ttl
2022-10-25T11:30:11,20221025T113011.ttl
2022-10-25T11:48:29,20221025T114829.ttl
2022-10-25T12:00:24,20221025T120024.ttl
2022-10-25T13:08:04,20221025T130804.ttl
2022-10-25T14:12:17,20221025T141217.ttl
2022-10-25T14:51:06,20221025T145106.ttl
2022-10-25T15:17:52,20221025T151752.ttl
2022-10-25T15:50:41,20221025T155041.ttl
2022-10-25T16:24:04,20221025T162404.ttl
2022-10-25T17:30:26,20221025T173026.ttl
2022-10-25T18:28:08,20221025T182808.ttl
2022-10-25T19:26:22,20221025T192622.ttl
2022-10-25T19:57:25,20221025T195725.ttl
2022-10-25T20:33:09,20221025T203309.ttl
2022-10-25T20:55:30,20221025T205530.ttl
2022-10-25T21:23:52,20221025T212352.ttl
2022-10-25T21:45:53,20221025T214553.ttl
2022-10-25T21:58:11,20221025T215811.ttl
2022-10-25T22:31:57,20221025T223157.ttl
2022-10-25T22:52:52,20221025T225252.ttl
2022-10-25T23:18:15,20221025T231815.ttl
2022-10-25T23:41:40,20221025T234140.ttl
2022-10-25T23:55:56,20221025T235556.ttl
2022-10-26T02:20:23,20221026T022023.ttl
2022-10-26T03:59:22,20221026T035922.ttl
2022-10-26T05:00:46,20221026T050046.ttl
2022-10-26T05:37:33,20221026T053733.ttl
2022-10-26T05:54:54,20221026T055454.ttl
2022-10-26T06:31:31,20221026T063131.ttl
2022-10-26T06:57:58,20221026T065758.ttl
2022-10-26T07:27:38,20221026T072738.ttl
2022-10-26T07:44:42,20221026T074442.ttl
2022-10-26T07:56:35,20221026T075635.ttl
2022-10-26T08:32:17,20221026T083217.ttl
2022-10-26T08:53:09,20221026T085309.ttl
2022-10-26T09:16:42,20221026T091642.ttl
2022-10-26T09:38:37,20221026T093837.ttl
2022-10-26T09:52:13,20221026T095213.ttl
2022-10-26T10:15:40,20221026T101540.ttl
2022-10-26T10:40:49,20221026T104049.ttl
2022-10-26T10:54:30,20221026T105430.ttl
2022-10-26T11:17:28,20221026T111728.ttl
2022-10-26T11:34:13,20221026T113413.ttl
2022-10-26T11:46:09,20221026T114609.ttl
2022-10-26T11:58:04,20221026T115804.ttl
2022-10-26T13:58:52,20221026T135852.ttl
2022-10-26T14:30:59,20221026T143059.ttl
2022-10-26T14:50:03,20221026T145003.ttl
2022-10-26T15:09:31,20221026T150931.ttl
2022-10-26T15:36:17,20221026T153617.ttl
2022-10-26T15:53:50,20221026T155350.ttl
2022-10-26T16:26:49,20221026T162649.ttl
2022-10-26T17:02:09,20221026T170209.ttl
2022-10-26T17:32:37,20221026T173237.ttl
2022-10-26T17:49:32,20221026T174932.ttl
2022-10-26T18:09:53,20221026T180953.ttl
2022-10-26T18:41:26,20221026T184126.ttl
2022-10-26T18:58:26,20221026T185826.ttl
2022-10-26T19:35:34,20221026T193534.ttl
2022-10-26T19:47:30,20221026T194730.ttl
2022-10-26T19:59:24,20221026T195924.ttl
2022-10-26T20:29:24,20221026T202924.ttl
2022-10-26T20:47:42,20221026T204742.ttl
2022-10-26T20:59:40,20221026T205940.ttl
2022-10-26T21:26:59,20221026T212659.ttl
2022-10-26T21:46:23,20221026T214623.ttl
2022-10-26T21:57:36,20221026T215736.ttl
2022-10-26T22:29:51,20221026T222951.ttl
2022-10-26T22:49:23,20221026T224923.ttl
2022-10-26T23:07:21,20221026T230721.ttl
2022-10-26T23:35:40,20221026T233540.ttl
2022-10-26T23:52:46,20221026T235246.ttl
2022-10-27T01:25:36,20221027T012536.ttl
